{"final_val_loss": 1.7003759217262269, "_timestamp": 1689318779.7043734, "_runtime": 27.298479318618774, "_step": 0, "_wandb": {"runtime": 26}}