{"final_val_loss": 2.0422758746147154, "_timestamp": 1689280878.1233683, "_runtime": 10.348326206207275, "_step": 0, "_wandb": {"runtime": 9}}