{"final_val_loss": 5.647089824676514, "_timestamp": 1689285141.2834935, "_runtime": 24.87442445755005, "_step": 0, "_wandb": {"runtime": 23}}