{"final_val_loss": 1.7438810777664184, "_timestamp": 1689281436.56414, "_runtime": 14.16955018043518, "_step": 0, "_wandb": {"runtime": 13}}