{"final_val_loss": 1.8123511910438537, "_timestamp": 1689284974.474462, "_runtime": 17.06061291694641, "_step": 0, "_wandb": {"runtime": 16}}