{"final_val_loss": 1.8276518988609314, "_timestamp": 1689281318.484746, "_runtime": 13.238574028015137, "_step": 0, "_wandb": {"runtime": 12}}