{"final_val_loss": 3.054859857559204, "_timestamp": 1690541233.1391125, "_runtime": 87.39363956451416, "_step": 0, "_wandb": {"runtime": 86}}