{"final_val_loss": 16.561878280639647, "_timestamp": 1689282893.2373655, "_runtime": 18.885095596313477, "_step": 0, "_wandb": {"runtime": 18}}