{"final_val_loss": 1.8303055047988892, "_timestamp": 1690540966.0235336, "_runtime": 51.75631666183472, "_step": 0, "_wandb": {"runtime": 43}}