{"final_val_loss": 2.5318648624420166, "_timestamp": 1689318291.5454314, "_runtime": 27.12116837501526, "_step": 0, "_wandb": {"runtime": 26}}