{"final_val_loss": 9.646739807128906, "_timestamp": 1689284262.420014, "_runtime": 24.4822998046875, "_step": 0, "_wandb": {"runtime": 23}}