{"final_val_loss": 1.6990797400474549, "_timestamp": 1689281549.5340621, "_runtime": 15.099257230758667, "_step": 0, "_wandb": {"runtime": 14}}