{"final_val_loss": 1.6700919675827026, "_timestamp": 1689283806.8791554, "_runtime": 24.734066486358643, "_step": 0, "_wandb": {"runtime": 23}}