{"final_val_loss": 1.882616980075836, "_timestamp": 1689282827.8472106, "_runtime": 17.290676593780518, "_step": 0, "_wandb": {"runtime": 15}}