{"final_val_loss": 2.189054832458496, "_timestamp": 1689283589.8888829, "_runtime": 25.245139837265015, "_step": 0, "_wandb": {"runtime": 24}}