{"final_val_loss": 1.8876237058639527, "_timestamp": 1689282048.8010514, "_runtime": 11.559774398803711, "_step": 0, "_wandb": {"runtime": 10}}