{"final_val_loss": 7.128063564300537, "_timestamp": 1689285562.9534645, "_runtime": 24.61278748512268, "_step": 0, "_wandb": {"runtime": 23}}