{"final_val_loss": 1.7328377890586852, "_timestamp": 1689284577.1604593, "_runtime": 22.391082286834717, "_step": 0, "_wandb": {"runtime": 21}}