{"loss_train": 2.564415512084961, "loss_val": 2.56166748046875, "update_to_data": {"PE": -4.355183124542236, "embed.weight": -4.418517589569092, "layers.0.sa.X_to_query.weight": -5.248624801635742, "layers.0.sa.X_to_key.weight": -4.971118450164795, "layers.0.sa.X_to_value.weight": -3.4395782947540283, "layers.0.l1.weight": -3.4265875816345215, "layers.0.l1.bias": -3.014880895614624, "layers.0.fc1.weight": -5.142770767211914, "layers.0.fc1.bias": -5.247978687286377, "layers.0.fc2.weight": -5.295664310455322, "layers.0.fc2.bias": -6.541613578796387, "layers.0.l2.weight": -3.931556463241577, "layers.0.l2.bias": -3.5680627822875977, "layers.1.sa.X_to_query.weight": -5.37616491317749, "layers.1.sa.X_to_key.weight": -5.451501846313477, "layers.1.sa.X_to_value.weight": -3.8547441959381104, "layers.1.l1.weight": -4.0928521156311035, "layers.1.l1.bias": -3.7085013389587402, "layers.1.fc1.weight": -5.467680931091309, "layers.1.fc1.bias": -5.5380449295043945, "layers.1.fc2.weight": -5.6128034591674805, "layers.1.fc2.bias": -6.134252071380615, "layers.1.l2.weight": -2.9536972045898438, "layers.1.l2.bias": -2.0650558471679688, "lm_head.weight": -4.136537075042725, "lm_head.bias": -3.9748384952545166}, "_timestamp": 1690557784.9296665, "_runtime": 170.18731546401978, "_step": 11801, "training_throughput": 40630.92091153633, "params_num": 100206, "_wandb": {"runtime": 78}}