{"final_val_loss": 2.669960994720459, "_timestamp": 1689284850.8821301, "_runtime": 24.54066014289856, "_step": 0, "_wandb": {"runtime": 23}}