{"final_val_loss": 1.7917189908027649, "_timestamp": 1689284715.2460673, "_runtime": 16.602288246154785, "_step": 0, "_wandb": {"runtime": 15}}