{"final_val_loss": 2.6384777879714965, "_timestamp": 1690541034.6704648, "_runtime": 20.79133176803589, "_step": 0, "_wandb": {"runtime": 19}}