{"final_val_loss": 1.7935638546943664, "_timestamp": 1689285069.0214577, "_runtime": 16.88655376434326, "_step": 0, "_wandb": {"runtime": 15}}