{"final_val_loss": 1.8692513942718505, "_timestamp": 1689284884.92033, "_runtime": 17.183128118515015, "_step": 0, "_wandb": {"runtime": 16}}