{"final_val_loss": 1.865343418121338, "_timestamp": 1689281209.9602082, "_runtime": 16.027730226516724, "_step": 0, "_wandb": {"runtime": 12}}