{"final_val_loss": 1.9219513726234436, "_timestamp": 1689285288.8388991, "_runtime": 18.07407808303833, "_step": 0, "_wandb": {"runtime": 15}}