{"final_val_loss": 1.8844898772239684, "_timestamp": 1690541134.3985372, "_runtime": 10.259178161621094, "_step": 0, "_wandb": {"runtime": 9}}