{"final_val_loss": 1.8191491842269898, "_timestamp": 1689280997.3310149, "_runtime": 10.759371757507324, "_step": 0, "_wandb": {"runtime": 9}}