{"final_val_loss": 1.8156453204154968, "_timestamp": 1689319479.5962136, "_runtime": 22.935423612594604, "_step": 0, "_wandb": {"runtime": 22}}