{"final_val_loss": 1.6575506544113159, "_timestamp": 1689280903.4682133, "_runtime": 12.888066291809082, "_step": 0, "_wandb": {"runtime": 12}}