{"final_val_loss": 1.9224927067756652, "_timestamp": 1689280354.3170025, "_runtime": 10.313631534576416, "_step": 0, "_wandb": {"runtime": 9}}