{"final_val_loss": 1.6682236838340758, "_timestamp": 1689319864.047039, "_runtime": 25.465251922607422, "_step": 0, "_wandb": {"runtime": 24}}