{"final_val_loss": 2.430702257156372, "_timestamp": 1689320107.267474, "_runtime": 23.205030918121338, "_step": 0, "_wandb": {"runtime": 22}}