{"loss_train": 3.6357146692276, "loss_val": 3.6820400857925417, "lr": 0.2242109424894139, "_timestamp": 1690647046.0064898, "_runtime": 45.02716684341431, "_step": 1701, "training_throughput": 112827.32918019821, "params_num": 145838, "_wandb": {"runtime": 25}}