{"loss_train": 2.0278666973114015, "loss_val": 2.02193416595459, "update_to_data": {"embed.weight": -4.412106990814209, "fc1.weight": -3.182612895965576, "fc1.bias": -3.484811782836914, "lm_head.weight": -3.2276363372802734, "lm_head.bias": -3.329549789428711}, "_timestamp": 1689278439.3048992, "_runtime": 11.14509916305542, "_step": 9501, "parameters/embed.weight": {"_type": "histogram", "values": [1.0, 0.0, 1.0, 1.0, 1.0, 1.0, 2.0, 1.0, 1.0, 3.0, 4.0, 5.0, 4.0, 4.0, 8.0, 15.0, 11.0, 11.0, 14.0, 18.0, 18.0, 18.0, 21.0, 17.0, 20.0, 16.0, 29.0, 24.0, 31.0, 28.0, 29.0, 23.0, 26.0, 28.0, 30.0, 23.0, 23.0, 15.0, 22.0, 22.0, 19.0, 16.0, 14.0, 8.0, 7.0, 11.0, 9.0, 9.0, 9.0, 7.0, 5.0, 5.0, 1.0, 2.0, 2.0, 2.0, 2.0, 3.0, 2.0, 1.0, 0.0, 0.0, 0.0, 1.0], "bins": [-3.1187210083007812, -3.0166964530944824, -2.9146716594696045, -2.8126471042633057, -2.7106223106384277, -2.608597755432129, -2.50657320022583, -2.404548406600952, -2.3025238513946533, -2.2004992961883545, -2.0984745025634766, -1.9964499473571777, -1.8944252729415894, -1.792400598526001, -1.6903760433197021, -1.5883513689041138, -1.4863266944885254, -1.384302020072937, -1.2822773456573486, -1.1802527904510498, -1.0782281160354614, -0.976203441619873, -0.8741788268089294, -0.7721542119979858, -0.6701295375823975, -0.5681048631668091, -0.4660802483558655, -0.3640556037425995, -0.2620309591293335, -0.1600063145160675, -0.057981669902801514, 0.04404297471046448, 0.14606761932373047, 0.24809226393699646, 0.35011690855026245, 0.45214155316352844, 0.5541661977767944, 0.6561908721923828, 0.7582154870033264, 0.86024010181427, 0.9622647762298584, 1.0642894506454468, 1.1663141250610352, 1.268338680267334, 1.3703633546829224, 1.4723880290985107, 1.5744125843048096, 1.676437258720398, 1.7784619331359863, 1.8804866075515747, 1.982511281967163, 2.084535837173462, 2.18656063079834, 2.2885851860046387, 2.3906097412109375, 2.4926345348358154, 2.5946590900421143, 2.696683645248413, 2.798708438873291, 2.90073299407959, 3.0027575492858887, 3.1047823429107666, 3.2068068981170654, 3.3088316917419434, 3.410856246948242]}, "parameters/fc1.weight": {"_type": "histogram", "values": [3.0, 0.0, 1.0, 3.0, 4.0, 3.0, 5.0, 9.0, 13.0, 18.0, 21.0, 20.0, 34.0, 36.0, 49.0, 71.0, 77.0, 77.0, 97.0, 111.0, 140.0, 165.0, 155.0, 171.0, 201.0, 181.0, 228.0, 232.0, 234.0, 198.0, 230.0, 205.0, 222.0, 196.0, 182.0, 171.0, 156.0, 138.0, 140.0, 108.0, 91.0, 74.0, 56.0, 52.0, 36.0, 44.0, 29.0, 25.0, 18.0, 18.0, 11.0, 11.0, 7.0, 5.0, 0.0, 8.0, 3.0, 2.0, 0.0, 3.0, 1.0, 0.0, 0.0, 1.0], "bins": [-0.4863562285900116, -0.46972838044166565, -0.4531005024909973, -0.43647265434265137, -0.41984477639198303, -0.4032169282436371, -0.38658905029296875, -0.3699612021446228, -0.35333335399627686, -0.3367054760456085, -0.3200776278972626, -0.30344974994659424, -0.2868219017982483, -0.27019402384757996, -0.253566175699234, -0.23693831264972687, -0.22031044960021973, -0.20368258655071259, -0.18705472350120544, -0.1704268604516983, -0.15379899740219116, -0.13717114925384521, -0.12054328620433807, -0.10391542315483093, -0.08728756010532379, -0.07065969705581665, -0.05403183773159981, -0.037403978407382965, -0.020776115357875824, -0.004148254171013832, 0.01247960701584816, 0.02910746820271015, 0.045735299587249756, 0.0623631626367569, 0.07899102568626404, 0.09561888128519058, 0.11224674433469772, 0.12887459993362427, 0.1455024629831314, 0.16213032603263855, 0.1787581890821457, 0.19538605213165283, 0.21201391518115997, 0.22864177823066711, 0.24526962637901306, 0.2618975043296814, 0.27852535247802734, 0.2951532304286957, 0.3117810785770416, 0.3284089267253876, 0.3450368046760559, 0.36166465282440186, 0.3782925307750702, 0.39492037892341614, 0.4115482568740845, 0.4281761050224304, 0.44480395317077637, 0.4614318311214447, 0.47805967926979065, 0.494687557220459, 0.5113154053688049, 0.5279432535171509, 0.5445711612701416, 0.5611990094184875, 0.5778268575668335]}, "parameters/fc1.bias": {"_type": "histogram", "values": [1.0, 0.0, 2.0, 1.0, 1.0, 1.0, 0.0, 0.0, 1.0, 0.0, 0.0, 2.0, 2.0, 2.0, 2.0, 0.0, 2.0, 3.0, 3.0, 4.0, 1.0, 7.0, 5.0, 2.0, 1.0, 1.0, 3.0, 2.0, 0.0, 1.0, 2.0, 2.0, 1.0, 4.0, 2.0, 4.0, 3.0, 1.0, 4.0, 4.0, 1.0, 0.0, 3.0, 3.0, 1.0, 3.0, 0.0, 2.0, 2.0, 0.0, 1.0, 0.0, 0.0, 1.0, 2.0, 1.0, 0.0, 0.0, 0.0, 0.0, 1.0, 1.0, 0.0, 1.0], "bins": [-0.5493387579917908, -0.5313369035720825, -0.5133350491523743, -0.49533316493034363, -0.4773313105106354, -0.4593294560909271, -0.4413275718688965, -0.42332571744918823, -0.40532386302948, -0.38732200860977173, -0.3693201541900635, -0.35131826996803284, -0.3333164155483246, -0.31531456112861633, -0.2973126769065857, -0.27931082248687744, -0.2613089680671692, -0.24330711364746094, -0.2253052443265915, -0.20730337500572205, -0.1893015205860138, -0.17129966616630554, -0.1532977968454361, -0.13529592752456665, -0.1172940731048584, -0.09929221123456955, -0.0812903493642807, -0.06328848749399185, -0.045286625623703, -0.027284763753414154, -0.009282901883125305, 0.008718959987163544, 0.026720762252807617, 0.044722624123096466, 0.06272448599338531, 0.08072634786367416, 0.09872820973396301, 0.11673007160425186, 0.1347319334745407, 0.15273380279541016, 0.1707356572151184, 0.18873751163482666, 0.2067393809556961, 0.22474125027656555, 0.2427431046962738, 0.26074495911598206, 0.2787468433380127, 0.29674869775772095, 0.3147505521774292, 0.33275240659713745, 0.3507542610168457, 0.36875614523887634, 0.3867579996585846, 0.40475985407829285, 0.4227617383003235, 0.44076359272003174, 0.45876544713974, 0.47676730155944824, 0.4947691559791565, 0.5127710103988647, 0.5307729244232178, 0.548774778842926, 0.5667766332626343, 0.5847784876823425, 0.6027803421020508]}, "parameters/lm_head.weight": {"_type": "histogram", "values": [1.0, 0.0, 1.0, 0.0, 0.0, 1.0, 1.0, 0.0, 0.0, 6.0, 1.0, 5.0, 10.0, 10.0, 9.0, 18.0, 16.0, 11.0, 18.0, 18.0, 21.0, 49.0, 40.0, 58.0, 70.0, 87.0, 125.0, 152.0, 176.0, 191.0, 244.0, 257.0, 273.0, 283.0, 297.0, 274.0, 241.0, 246.0, 196.0, 194.0, 157.0, 130.0, 96.0, 86.0, 60.0, 56.0, 48.0, 32.0, 25.0, 25.0, 14.0, 11.0, 14.0, 13.0, 8.0, 6.0, 9.0, 3.0, 4.0, 0.0, 0.0, 1.0, 0.0, 2.0], "bins": [-0.6987648606300354, -0.6783391833305359, -0.6579135656356812, -0.6374878883361816, -0.6170622706413269, -0.5966365933418274, -0.5762109756469727, -0.5557852983474731, -0.5353596210479736, -0.5149340033531189, -0.4945083558559418, -0.47408270835876465, -0.45365703105926514, -0.433231383562088, -0.4128057360649109, -0.39238008856773376, -0.37195444107055664, -0.3515287935733795, -0.3311031460762024, -0.31067749857902527, -0.29025185108184814, -0.26982617378234863, -0.2494005262851715, -0.22897487878799438, -0.20854923129081726, -0.18812358379364014, -0.167697936296463, -0.1472722738981247, -0.12684662640094757, -0.10642097890377045, -0.08599532395601273, -0.065569669008255, -0.04514402151107788, -0.02471837028861046, -0.004292719066143036, 0.016132932156324387, 0.03655858337879181, 0.05698423460125923, 0.07740988582372665, 0.09783554077148438, 0.1182611882686615, 0.13868683576583862, 0.15911248326301575, 0.17953814566135406, 0.1999637931585312, 0.2203894406557083, 0.24081510305404663, 0.26124075055122375, 0.2816663980484009, 0.302092045545578, 0.3225176930427551, 0.34294334053993225, 0.3633689880371094, 0.3837946653366089, 0.404220312833786, 0.42464596033096313, 0.44507160782814026, 0.4654972553253174, 0.4859229028224945, 0.5063485503196716, 0.5267742276191711, 0.5471998453140259, 0.5676255226135254, 0.5880511403083801, 0.6084768176078796]}, "parameters/lm_head.bias": {"_type": "histogram", "values": [1.0, 0.0, 3.0, 0.0, 1.0, 1.0, 1.0, 3.0, 2.0, 0.0, 2.0, 3.0, 1.0, 0.0, 1.0, 0.0, 1.0, 1.0, 1.0, 2.0, 1.0, 3.0, 0.0, 0.0, 1.0, 2.0, 1.0, 2.0, 1.0, 0.0, 1.0, 0.0, 0.0, 0.0, 2.0, 0.0, 1.0, 1.0, 0.0, 0.0, 0.0, 0.0, 0.0, 1.0, 0.0, 0.0, 0.0, 1.0, 1.0, 0.0, 0.0, 0.0, 0.0, 0.0, 0.0, 0.0, 0.0, 0.0, 0.0, 0.0, 0.0, 0.0, 0.0, 1.0],