{"final_val_loss": 1.7845843601226807, "_timestamp": 1689281122.2049515, "_runtime": 10.392617464065552, "_step": 0, "_wandb": {"runtime": 9}}