{"final_val_loss": 1.8511680817604066, "_timestamp": 1689284470.059354, "_runtime": 16.980441093444824, "_step": 0, "_wandb": {"runtime": 16}}