{"final_val_loss": 1.7837735199928284, "_timestamp": 1689280332.3696947, "_runtime": 10.487380743026733, "_step": 0, "_wandb": {"runtime": 9}}