{"final_val_loss": 2.5744171380996703, "_timestamp": 1690540895.987954, "_runtime": 32.13140892982483, "_step": 0, "_wandb": {"runtime": 22}}