{"final_val_loss": 1.6901584100723266, "_timestamp": 1689281926.720914, "_runtime": 15.894912004470825, "_step": 0, "_wandb": {"runtime": 14}}