{"final_val_loss": 2.591092834472656, "_timestamp": 1689282950.989532, "_runtime": 29.532350063323975, "_step": 0, "_wandb": {"runtime": 23}}