{"final_val_loss": 1.6506779193878174, "_timestamp": 1689285670.1480918, "_runtime": 24.36667275428772, "_step": 0, "_wandb": {"runtime": 23}}