{"loss_train": 2.031283450126648, "loss_val": 2.0173370957374575, "update_to_data": {"embed.weight": -4.378072738647461, "fc1.weight": -3.205383539199829, "fc1.bias": -3.4989678859710693, "lm_head.weight": -3.2669711112976074, "lm_head.bias": -3.418586254119873}, "_timestamp": 1688992905.0517087, "_runtime": 73.5462806224823, "_step": 9500, "gradients/lm_head.bias": {"_type": "histogram", "values": [1.0, 0.0, 0.0, 0.0, 0.0, 0.0, 1.0, 0.0, 0.0, 0.0, 0.0, 0.0, 0.0, 0.0, 1.0, 0.0, 0.0, 1.0, 0.0, 0.0, 1.0, 0.0, 0.0, 1.0, 0.0, 0.0, 0.0, 1.0, 0.0, 2.0, 1.0, 0.0, 0.0, 1.0, 1.0, 2.0, 1.0, 1.0, 8.0, 4.0, 1.0, 2.0, 0.0, 2.0, 0.0, 2.0, 0.0, 2.0, 0.0, 0.0, 1.0, 2.0, 0.0, 0.0, 0.0, 0.0, 0.0, 1.0, 0.0, 0.0, 0.0, 0.0, 2.0, 1.0], "bins": [-0.01252475194633007, -0.012195965275168419, -0.011867177672684193, -0.011538391001522541, -0.01120960433036089, -0.010880817659199238, -0.010552030056715012, -0.01022324338555336, -0.009894456714391708, -0.009565669111907482, -0.00923688244074583, -0.008908095769584179, -0.008579309098422527, -0.008250521495938301, -0.00792173482477665, -0.007592948153614998, -0.007264161016792059, -0.00693537387996912, -0.006606587208807468, -0.0062778000719845295, -0.005949013400822878, -0.005620226263999939, -0.005291439592838287, -0.0049626524560153484, -0.0046338653191924095, -0.004305078648030758, -0.003976291511207819, -0.0036475048400461674, -0.0033187177032232285, -0.002989930799230933, -0.002661143895238638, -0.0023323569912463427, -0.0020035700872540474, -0.0016747831832617521, -0.0013459962792694569, -0.0010172092588618398, -0.0006884223548695445, -0.0003596354217734188, -3.084848867729306e-05, 0.00029793844441883266, 0.0006267253775149584, 0.0009555122815072536, 0.001284299185499549, 0.001613086205907166, 0.0019418731098994613, 0.0022706601303070784, 0.0025994470342993736, 0.002928233938291669, 0.003257020842283964, 0.0035858077462762594, 0.003914594650268555, 0.004243381787091494, 0.004572168458253145, 0.004900955595076084, 0.005229742266237736, 0.005558529403060675, 0.005887316539883614, 0.006216103211045265, 0.006544890347868204, 0.006873677019029856, 0.007202464155852795, 0.007531250827014446, 0.007860037498176098, 0.008188825100660324, 0.008517611771821976]}, "gradients/lm_head.weight": {"_type": "histogram", "values": [1.0, 0.0, 0.0, 0.0, 0.0, 0.0, 0.0, 0.0, 0.0, 1.0, 2.0, 4.0, 4.0, 6.0, 4.0, 3.0, 11.0, 13.0, 17.0, 18.0, 22.0, 17.0, 35.0, 25.0, 31.0, 63.0, 58.0, 69.0, 85.0, 100.0, 124.0, 160.0, 227.0, 275.0, 844.0, 809.0, 286.0, 241.0, 129.0, 117.0, 100.0, 80.0, 73.0, 66.0, 42.0, 47.0, 37.0, 30.0, 23.0, 21.0, 14.0, 13.0, 7.0, 15.0, 12.0, 9.0, 3.0, 3.0, 3.0, 0.0, 0.0, 0.0, 0.0, 1.0], "bins": [-0.016575586050748825, -0.016101939603686333, -0.01562829315662384, -0.015154646709561348, -0.014681000262498856, -0.014207354746758938, -0.013733708299696445, -0.013260061852633953, -0.01278641540557146, -0.012312768958508968, -0.011839122511446476, -0.011365476064383984, -0.010891830548644066, -0.010418184101581573, -0.009944537654519081, -0.009470891207456589, -0.008997244760394096, -0.008523598313331604, -0.008049951866269112, -0.007576305884867907, -0.007102659437805414, -0.006629012990742922, -0.006155367009341717, -0.005681720562279224, -0.005208074115216732, -0.00473442766815424, -0.004260781221091747, -0.0037871352396905422, -0.00331348879262805, -0.0028398423455655575, -0.0023661961313337088, -0.0018925498006865382, -0.0014189034700393677, -0.0009452571393921971, -0.0004716108087450266, 2.0355219021439552e-06, 0.0004756818525493145, 0.000949328183196485, 0.0014229745138436556, 0.0018966208444908261, 0.0023702671751379967, 0.002843913622200489, 0.0033175598364323378, 0.0037912060506641865, 0.004264852497726679, 0.004738498944789171, 0.005212144926190376, 0.005685791373252869, 0.006159437820315361, 0.006633084267377853, 0.007106730714440346, 0.007580376695841551, 0.00805402360856533, 0.008527669124305248, 0.00900131557136774, 0.009474962018430233, 0.009948608465492725, 0.010422254912555218, 0.01089590135961771, 0.011369547806680202, 0.01184319332242012, 0.012316839769482613, 0.012790486216545105, 0.013264132663607597, 0.01373777911067009]}, "gradients/fc1.bias": {"_type": "histogram", "values": [2.0, 0.0, 1.0, 0.0, 1.0, 0.0, 1.0, 0.0, 1.0, 0.0, 0.0, 1.0, 2.0, 1.0, 1.0, 2.0, 4.0, 1.0, 1.0, 2.0, 1.0, 3.0, 3.0, 2.0, 3.0, 0.0, 3.0, 2.0, 3.0, 2.0, 6.0, 4.0, 4.0, 2.0, 1.0, 2.0, 3.0, 3.0, 2.0, 0.0, 3.0, 3.0, 3.0, 3.0, 1.0, 1.0, 0.0, 2.0, 1.0, 2.0, 3.0, 0.0, 1.0, 1.0, 2.0, 1.0, 0.0, 1.0, 0.0, 1.0, 0.0, 0.0, 0.0, 1.0], "bins": [-0.007357628084719181, -0.007117859087884426, -0.006878090091049671, -0.006638321094214916, -0.006398552097380161, -0.006158783100545406, -0.005919014103710651, -0.0056792451068758965, -0.0054394761100411415, -0.0051997071132063866, -0.004959938116371632, -0.004720169119536877, -0.004480400122702122, -0.004240631125867367, -0.004000862129032612, -0.0037610933650285006, -0.0035213243681937456, -0.0032815553713589907, -0.0030417863745242357, -0.0028020173776894808, -0.002562248380854726, -0.002322479384019971, -0.002082710387185216, -0.0018429415067657828, -0.0016031725099310279, -0.001363403513096273, -0.001123634516261518, -0.000883865577634424, -0.000644096580799669, -0.0004043275839649141, -0.0001645586162339896, 7.521036604885012e-05, 0.00031497934833168983, 0.0005547483451664448, 0.0007945173420011997, 0.0010342863388359547, 0.0012740553356707096, 0.0015138242160901427, 0.0017535932129248977, 0.0019933623261749744, 0.0022331313230097294, 0.0024729000870138407, 0.0027126690838485956, 0.0029524380806833506, 0.0031922070775181055, 0.0034319760743528605, 0.0036717450711876154, 0.003911514300853014, 0.004151282832026482, 0.004391051828861237, 0.0046308208256959915, 0.0048705898225307465, 0.005110358819365501, 0.005350127816200256, 0.005589896813035011, 0.005829665809869766, 0.006069434806704521, 0.006309203803539276, 0.006548972800374031, 0.006788741797208786, 0.007028510794043541, 0.007268279790878296, 0.007508048787713051, 0.007747817784547806, 0.00798758678138256]}, "gradients/fc1.weight": {"_type": "histogram", "values": [2.0, 0.0, 0.0, 1.0, 0.0, 0.0, 2.0, 0.0, 6.0, 3.0, 4.0, 6.0, 4.0, 10.0, 22.0, 16.0, 14.0, 37.0, 35.0, 42.0, 46.0, 68.0, 86.0, 109.0, 117.0, 127.0, 204.0, 188.0, 226.0, 254.0, 256.0, 239.0, 289.0, 261.0, 306.0, 241.0, 237.0, 188.0, 191.0, 167.0, 149.0, 122.0, 87.0, 99.0, 57.0, 61.0, 60.0, 41.0, 33.0, 24.0, 11.0, 9.0, 9.0, 12.0, 5.0, 7.0, 2.0, 2.0, 2.0, 0.0, 0.0, 1.0, 2.0, 1.0], "bins": [-0.013134084641933441, -0.01273435540497303, -0.012334626168012619, -0.011934896931052208, -0.011535166762769222, -0.011135437525808811, -0.0107357082888484, -0.010335979051887989, -0.009936249814927578, -0.009536520577967167, -0.009136790409684181, -0.00873706117272377, -0.008337331935763359, -0.007937602698802948, -0.007537873461842537, -0.0071381437592208385, -0.0067384145222604275, -0.006338685285300016, -0.005938955582678318, -0.005539226345717907, -0.005139497108757496, -0.0047397674061357975, -0.004340038169175386, -0.003940308932214975, -0.0035405794624239206, -0.003140849992632866, -0.002741120755672455, -0.0023413912858814, -0.0019416619325056672, -0.0015419325791299343, -0.0011422031093388796, -0.0007424737559631467, -0.0003427444025874138, 5.698497989214957e-05, 0.0004567143623717129, 0.0008564437739551067, 0.0012561731273308396, 0.0016559024807065725, 0.0020556319504976273, 0.0024553611874580383, 0.002855090657249093, 0.0032548201270401478, 0.003654549364000559, 0.00405427860096097, 0.004454008303582668, 0.004853737540543079, 0.0052534667775034904, 0.005653196480125189, 0.0060529257170856, 0.006452654954046011, 0.006852384656667709, 0.00725211389362812, 0.0076518431305885315, 0.008051572367548943, 0.008451301604509354, 0.00885103177279234, 0.00925076100975275, 0.009650490246713161, 0.010050219483673573, 0.010449948720633984, 0.010849677957594395, 0.01124940812587738, 0.011649137362837791, 0.012048866599798203, 0.012448595836758614]}, "gradients/embed.weight": {"_type": "histogram",