{"final_val_loss": 1.9254145860671996, "_timestamp": 1690540406.8229847, "_runtime": 13.207989692687988, "_step": 0, "_wandb": {"runtime": 12}}