{"loss_train": 2.8498332262039185, "loss_val": 2.8536637210845948, "update_to_data": {"PE": -4.097488880157471, "embed.weight": -4.306977272033691, "layers.0.sa.X_to_query.weight": -4.57012414932251, "layers.0.sa.X_to_key.weight": -4.9027581214904785, "layers.0.sa.X_to_value.weight": -4.829659938812256, "layers.0.l1.weight": -3.9765686988830566, "layers.0.l1.bias": -3.689481258392334, "layers.0.fc1.weight": -5.366842746734619, "layers.0.fc1.bias": -5.4025187492370605, "layers.0.fc2.weight": -5.141727924346924, "layers.0.fc2.bias": -5.748800754547119, "layers.0.l2.weight": -3.686535120010376, "layers.0.l2.bias": -3.6500661373138428, "layers.1.sa.X_to_query.weight": -5.093624114990234, "layers.1.sa.X_to_key.weight": -5.093729496002197, "layers.1.sa.X_to_value.weight": -3.957991123199463, "layers.1.l1.weight": -3.937129497528076, "layers.1.l1.bias": -3.7670741081237793, "layers.1.fc1.weight": -5.241576194763184, "layers.1.fc1.bias": -5.254415512084961, "layers.1.fc2.weight": -5.164644718170166, "layers.1.fc2.bias": -5.6657633781433105, "layers.1.l2.weight": -2.7889318466186523, "layers.1.l2.bias": -2.8268542289733887, "lm_head.weight": -3.961836814880371, "lm_head.bias": -3.8046882152557373}, "_timestamp": 1690557589.163638, "_runtime": 126.89222621917725, "_step": 1501, "training_throughput": 42809.30979504401, "params_num": 100206, "_wandb": {"runtime": 14}}