{"final_val_loss": 1.8652557992935181, "_timestamp": 1689281413.1985023, "_runtime": 15.798492193222046, "_step": 0, "_wandb": {"runtime": 13}}