{"final_val_loss": 3.43944091796875, "_timestamp": 1689283171.6003387, "_runtime": 19.012556791305542, "_step": 0, "_wandb": {"runtime": 18}}