{"final_val_loss": 2.3445874214172364, "_timestamp": 1689280603.7814505, "_runtime": 14.17758846282959, "_step": 0, "_wandb": {"runtime": 13}}