{"final_val_loss": 1.8419724202156067, "_timestamp": 1689283618.328495, "_runtime": 17.537001132965088, "_step": 0, "_wandb": {"runtime": 16}}