{"final_val_loss": 1.9183379077911378, "_timestamp": 1689283239.4552615, "_runtime": 17.120012521743774, "_step": 0, "_wandb": {"runtime": 16}}