{"final_val_loss": 1.795125606060028, "_timestamp": 1689280553.181439, "_runtime": 14.321103811264038, "_step": 0, "_wandb": {"runtime": 13}}