{"final_val_loss": 3.296849403381348, "_timestamp": 1689319528.223211, "_runtime": 26.691259145736694, "_step": 0, "_wandb": {"runtime": 25}}