{"final_val_loss": 2.567540545463562, "_timestamp": 1689318596.9339118, "_runtime": 25.264349699020386, "_step": 0, "_wandb": {"runtime": 24}}