{"final_val_loss": 3.799635877609253, "_timestamp": 1689318121.055252, "_runtime": 16.50498914718628, "_step": 0, "_wandb": {"runtime": 15}}