{"loss_train": 2.0242347359657287, "loss_val": 2.0184195494651793, "update_to_data": {"embed.weight": -4.303338527679443, "fc1.weight": -3.132107734680176, "fc1.bias": -3.442269802093506, "lm_head.weight": -3.2226176261901855, "lm_head.bias": -3.4282310009002686}, "_timestamp": 1688993104.9120402, "_runtime": 28.310522317886353, "_step": 9500, "parameters/graph_1embed.weight": {"_type": "histogram", "values": [1.0, 0.0, 0.0, 0.0, 0.0, 0.0, 0.0, 0.0, 0.0, 2.0, 1.0, 5.0, 0.0, 5.0, 4.0, 4.0, 3.0, 8.0, 8.0, 8.0, 10.0, 13.0, 15.0, 15.0, 18.0, 20.0, 23.0, 29.0, 33.0, 33.0, 31.0, 30.0, 28.0, 33.0, 40.0, 23.0, 32.0, 27.0, 31.0, 17.0, 20.0, 17.0, 21.0, 15.0, 12.0, 7.0, 16.0, 3.0, 8.0, 9.0, 6.0, 5.0, 6.0, 3.0, 3.0, 1.0, 0.0, 0.0, 0.0, 0.0, 0.0, 1.0, 0.0, 1.0], "bins": [-3.888221025466919, -3.7701334953308105, -3.6520462036132812, -3.533958911895752, -3.4158713817596436, -3.297783851623535, -3.179696559906006, -3.0616092681884766, -2.943521738052368, -2.8254342079162598, -2.7073469161987305, -2.589259624481201, -2.4711720943450928, -2.3530845642089844, -2.234997272491455, -2.116909980773926, -1.9988224506378174, -1.8807350397109985, -1.7626476287841797, -1.6445602178573608, -1.526472806930542, -1.4083853960037231, -1.2902979850769043, -1.1722105741500854, -1.0541231632232666, -0.9360357522964478, -0.8179483413696289, -0.6998609304428101, -0.5817735195159912, -0.46368610858917236, -0.3455986976623535, -0.22751128673553467, -0.10942363739013672, 0.008663773536682129, 0.12675118446350098, 0.24483859539031982, 0.36292600631713867, 0.4810134172439575, 0.5991008281707764, 0.7171882390975952, 0.8352756500244141, 0.9533630609512329, 1.0714504718780518, 1.1895378828048706, 1.3076252937316895, 1.4257127046585083, 1.5438001155853271, 1.661887526512146, 1.7799749374389648, 1.8980623483657837, 2.0161497592926025, 2.134237289428711, 2.2523245811462402, 2.3704118728637695, 2.488499402999878, 2.6065869331359863, 2.7246742248535156, 2.842761516571045, 2.9608490467071533, 3.0789365768432617, 3.197023868560791, 3.3151111602783203, 3.4331986904144287, 3.551286220550537, 3.6693735122680664]}, "parameters/graph_1fc1.weight": {"_type": "histogram", "values": [1.0, 2.0, 3.0, 0.0, 4.0, 2.0, 5.0, 8.0, 11.0, 11.0, 12.0, 13.0, 23.0, 27.0, 34.0, 36.0, 42.0, 44.0, 88.0, 88.0, 105.0, 118.0, 141.0, 144.0, 144.0, 168.0, 197.0, 190.0, 201.0, 194.0, 230.0, 218.0, 199.0, 206.0, 215.0, 207.0, 188.0, 167.0, 179.0, 167.0, 125.0, 114.0, 131.0, 77.0, 73.0, 50.0, 35.0, 27.0, 22.0, 20.0, 24.0, 12.0, 14.0, 9.0, 11.0, 4.0, 4.0, 4.0, 2.0, 5.0, 1.0, 0.0, 0.0, 4.0], "bins": [-0.5094713568687439, -0.4932921826839447, -0.4771130084991455, -0.4609338343143463, -0.4447546601295471, -0.4285755157470703, -0.4123963415622711, -0.3962171673774719, -0.38003799319267273, -0.36385881900787354, -0.34767964482307434, -0.33150047063827515, -0.31532132625579834, -0.29914215207099915, -0.28296297788619995, -0.26678380370140076, -0.25060462951660156, -0.23442545533180237, -0.21824628114700317, -0.20206712186336517, -0.18588794767856598, -0.16970877349376678, -0.15352961421012878, -0.1373504400253296, -0.1211712658405304, -0.1049920916557312, -0.0888129249215126, -0.072633758187294, -0.05645458400249481, -0.040275413542985916, -0.02409624308347702, -0.007917072623968124, 0.008262038230895996, 0.024441208690404892, 0.04062037914991379, 0.056799549609422684, 0.07297872006893158, 0.08915789425373077, 0.10533706098794937, 0.12151622772216797, 0.13769540190696716, 0.15387457609176636, 0.17005375027656555, 0.18623290956020355, 0.20241208374500275, 0.21859125792980194, 0.23477041721343994, 0.25094959139823914, 0.26712876558303833, 0.2833079397678375, 0.2994871139526367, 0.3156662881374359, 0.3318454623222351, 0.3480246067047119, 0.3642037808895111, 0.3803829550743103, 0.3965621292591095, 0.4127413034439087, 0.4289204776287079, 0.4450996518135071, 0.4612787961959839, 0.4774579703807831, 0.4936371445655823, 0.5098163485527039, 0.5259954929351807]}, "parameters/graph_1fc1.bias": {"_type": "histogram", "values": [3.0, 1.0, 0.0, 1.0, 1.0, 1.0, 1.0, 1.0, 1.0, 2.0, 0.0, 5.0, 4.0, 3.0, 1.0, 2.0, 0.0, 0.0, 1.0, 2.0, 1.0, 1.0, 4.0, 0.0, 4.0, 0.0, 4.0, 3.0, 3.0, 4.0, 1.0, 2.0, 0.0, 2.0, 2.0, 2.0, 0.0, 2.0, 3.0, 2.0, 4.0, 4.0, 2.0, 3.0, 2.0, 1.0, 0.0, 0.0, 2.0, 1.0, 0.0, 0.0, 0.0, 1.0, 2.0, 1.0, 2.0, 1.0, 0.0, 1.0, 0.0, 1.0, 1.0, 1.0], "bins": [-0.5306727886199951, -0.5117592215538025, -0.49284565448760986, -0.4739321172237396, -0.455018550157547, -0.43610498309135437, -0.41719144582748413, -0.3982778787612915, -0.3793643116950989, -0.36045074462890625, -0.3415371775627136, -0.3226236402988434, -0.30371007323265076, -0.28479650616645813, -0.2658829689025879, -0.24696940183639526, -0.22805583477020264, -0.20914226770401, -0.19022871553897858, -0.17131516337394714, -0.15240159630775452, -0.1334880292415619, -0.11457447707653046, -0.09566091746091843, -0.0767473578453064, -0.057833798229694366, -0.038920238614082336, -0.020006678998470306, -0.0010931193828582764, 0.017820440232753754, 0.036733999848365784, 0.055647559463977814, 0.07456111907958984, 0.09347467869520187, 0.1123882383108139, 0.13130179047584534, 0.15021535754203796, 0.1691289246082306, 0.18804247677326202, 0.20695602893829346, 0.22586959600448608, 0.2447831630706787, 0.26369673013687134, 0.2826102674007416, 0.3015238344669342, 0.32043740153312683, 0.33935093879699707, 0.3582645058631897, 0.3771780729293823, 0.39609163999557495, 0.4150052070617676, 0.4339187443256378, 0.45283231139183044, 0.47174587845802307, 0.4906594157218933, 0.5095729827880859, 0.5284865498542786, 0.5474001169204712, 0.5663136839866638, 0.5852272510528564, 0.6041407585144043, 0.6230543255805969, 0.6419678926467896, 0.6608814597129822, 0.6797950267791748]}, "parameters/graph_1lm_head.weight": {"_type": "histogram", "values": [1.0, 1.0, 1.0, 1.0, 4.0, 2.0, 4.0, 3.0, 8.0, 8.0, 9.0, 16.0, 15.0, 13.0, 14.0, 21.0, 32.0, 26.0, 43.0, 43.0, 53.0, 82.0, 104.0, 113.0, 171.0, 177.0, 214.0, 220.0, 246.0, 282.0, 254.0, 258.0, 272.0, 272.0, 242.0, 223.0, 186.0, 138.0, 123.0, 96.0, 91.0, 57.0, 45.0, 38.0, 32.0, 27.0, 26.0, 17.0, 16.0, 12.0, 6.0, 4.0, 8.0, 5.0, 6.0, 2.0, 5.0, 4.0, 2.0, 3.0, 1.0, 1.0, 0.0, 1.0], "bins": [-0.6157413721084595, -0.5958614945411682, -0.5759815573692322, -0.5561016798019409, -0.5362218022346497, -0.5163418650627136, -0.49646198749542236, -0.4765821099281311, -0.45670220255851746, -0.4368222951889038, -0.41694241762161255, -0.3970625102519989, -0.37718260288238525, -0.357302725315094, -0.33742281794548035, -0.3175429403781891, -0.29766303300857544, -0.2777831256389618, -0.25790324807167053, -0.23802334070205688, -0.21814344823360443, -0.19826355576515198, -0.17838364839553833, -0.15850375592708588, -0.13862386345863342, -0.11874397099018097, -0.09886407107114792, -0.07898417115211487, -0.059104278683662415, -0.03922438248991966, -0.01934448629617691, 0.0005354098975658417, 0.02041524648666382, 0.04029514268040657, 0.06017503887414932, 0.08005493879318237, 0.09993483126163483, 0.11981472373008728, 0.13969463109970093, 0.15957452356815338, 0.17945441603660583, 0.1993343085050583, 0.21921420097351074, 0.2390941083431244, 0.25897401571273804, 0.2788538932800293, 0.29873380064964294, 0.3186136782169342, 0.33849358558654785, 0.3583734929561615, 0.37825337052345276, 0.3981332778930664, 0.41801315546035767, 0.4378930628299713, 0.45777297019958496, 0.4776528477668762, 0.49753275513648987, 0.5174126625061035, 0.5372925400733948, 0.557172417640686, 0.5770523548126221, 0.5969322323799133, 0.6168121099472046, 0.6366920471191406, 0.6565719246864319]}, "parameters/graph_1lm_head.bias": {"_type": "histogram", "values": [3.0, 3.0, 0.0, 3.0, 0.0, 1.0, 1.0, 1.0, 1.0, 1.0, 0.0, 2.0, 1.0, 0.0, 0.0, 0.0, 2.0, 2.0, 0.0, 0.0, 1.0, 0.0, 1.0, 1.0, 1.0, 1.0, 2.0, 1.0, 0.0, 0.0, 1.0, 0.0, 1.0, 2.0, 0.0, 1.0, 0.0, 0.0, 0.0, 1.0, 1.0, 1.0, 0.0, 0.0, 1.0, 0.0, 0.0, 0.0, 0.0, 0.0, 1.0, 0.0, 0.0, 0.0, 1.0, 1.0, 0.0, 1.0, 1.0, 0.0, 0.0, 0.0, 0.0, 1.0],