{"final_val_loss": 1.7102366065979004, "_timestamp": 1689282096.082434, "_runtime": 14.81191086769104, "_step": 0, "_wandb": {"runtime": 13}}