{"final_val_loss": 1.7688713479042053, "_timestamp": 1689318325.9902413, "_runtime": 23.761369228363037, "_step": 0, "_wandb": {"runtime": 22}}