{"final_val_loss": 1.734219455718994, "_timestamp": 1689280690.790976, "_runtime": 13.31922197341919, "_step": 0, "_wandb": {"runtime": 12}}