{"final_val_loss": 1.863736755847931, "_timestamp": 1690540349.2882078, "_runtime": 36.67387270927429, "_step": 0, "_wandb": {"runtime": 35}}