{"final_val_loss": 1.9678423762321473, "_timestamp": 1689284681.1390681, "_runtime": 25.913095235824585, "_step": 0, "_wandb": {"runtime": 24}}