{"final_val_loss": 1.9174451589584351, "_timestamp": 1690541374.1462986, "_runtime": 23.988747596740723, "_step": 0, "_wandb": {"runtime": 23}}