{"final_val_loss": 1.7725476980209351, "_timestamp": 1689280217.4774723, "_runtime": 17.181933403015137, "_step": 0, "_wandb": {"runtime": 10}}