{"final_val_loss": 1.688890676498413, "_timestamp": 1689281846.899272, "_runtime": 16.74551486968994, "_step": 0, "_wandb": {"runtime": 15}}