{"final_val_loss": 1.7352825117111206, "_timestamp": 1689280378.6643643, "_runtime": 13.122162342071533, "_step": 0, "_wandb": {"runtime": 12}}