{"final_val_loss": 1.832588918209076, "_timestamp": 1689281610.6938913, "_runtime": 13.745244264602661, "_step": 0, "_wandb": {"runtime": 10}}