{"final_val_loss": 1.674173731803894, "_timestamp": 1689281293.9148462, "_runtime": 13.244636297225952, "_step": 0, "_wandb": {"runtime": 12}}