{"final_val_loss": 1.7578467655181884, "_timestamp": 1689319447.1855638, "_runtime": 21.890585899353027, "_step": 0, "_wandb": {"runtime": 19}}