{"final_val_loss": 1.8074499845504761, "_timestamp": 1689319827.4310098, "_runtime": 25.714584827423096, "_step": 0, "_wandb": {"runtime": 24}}