{"final_val_loss": 2.3438292217254637, "_timestamp": 1689285424.67937, "_runtime": 19.4614520072937, "_step": 0, "_wandb": {"runtime": 18}}