{"final_val_loss": 1.7708332633972168, "_timestamp": 1689285392.5197415, "_runtime": 22.120994567871094, "_step": 0, "_wandb": {"runtime": 21}}