{"final_val_loss": 1.69537584066391, "_timestamp": 1689319059.5077567, "_runtime": 27.349312782287598, "_step": 0, "_wandb": {"runtime": 26}}