{"final_val_loss": 1.6982003116607667, "_timestamp": 1689281640.6343234, "_runtime": 14.616782426834106, "_step": 0, "_wandb": {"runtime": 13}}