{"final_val_loss": 1.781548762321472, "_timestamp": 1689280171.1709456, "_runtime": 23.555432558059692, "_step": 0, "_wandb": {"runtime": 12}}