{"final_val_loss": 2.794070725440979, "_timestamp": 1689283912.6506739, "_runtime": 24.928374767303467, "_step": 0, "_wandb": {"runtime": 24}}