{"loss_train": 1.7327786183357239, "loss_val": 1.8464113068580628, "update_to_data": {"PE": -5.383213043212891, "embed.weight": -5.65791654586792, "layers.0.sa.X_to_query.weight": -5.1883111000061035, "layers.0.sa.X_to_key.weight": -4.929859638214111, "layers.0.sa.X_to_value.weight": -4.68686580657959, "layers.0.l1.weight": -4.078927040100098, "layers.0.l1.bias": -3.695943593978882, "layers.0.fc1.weight": -4.754316806793213, "layers.0.fc1.bias": -4.443112373352051, "layers.0.fc2.weight": -4.475316047668457, "layers.0.fc2.bias": -4.090498924255371, "layers.0.l2.weight": -4.212551116943359, "layers.0.l2.bias": -4.157014846801758, "layers.1.sa.X_to_query.weight": -5.281806945800781, "layers.1.sa.X_to_key.weight": -5.0378570556640625, "layers.1.sa.X_to_value.weight": -4.691271781921387, "layers.1.l1.weight": -4.581233501434326, "layers.1.l1.bias": -4.044251441955566, "layers.1.fc1.weight": -4.646620273590088, "layers.1.fc1.bias": -4.376505374908447, "layers.1.fc2.weight": -4.438567638397217, "layers.1.fc2.bias": -3.9067749977111816, "layers.1.l2.weight": -4.748189926147461, "layers.1.l2.bias": -4.798689365386963, "lm_head.weight": -5.007936477661133, "lm_head.bias": -5.119719505310059}, "_timestamp": 1690576830.5324712, "_runtime": 18588.552450180054, "_step": 69801, "training_throughput": 41153.02694919639, "params_num": 27598, "_wandb": {"runtime": 415}}