{"final_val_loss": 1.922414209842682, "_timestamp": 1690540518.3448637, "_runtime": 9.51348066329956, "_step": 0, "_wandb": {"runtime": 8}}