{"final_val_loss": 1.9354669666290283, "_timestamp": 1689281721.2642686, "_runtime": 15.555885553359985, "_step": 0, "_wandb": {"runtime": 14}}