{"final_val_loss": 6.621976594924927, "_timestamp": 1689284080.1433306, "_runtime": 25.096407651901245, "_step": 0, "_wandb": {"runtime": 24}}