{"final_val_loss": 1.7884307670593262, "_timestamp": 1689280257.7291944, "_runtime": 15.759398460388184, "_step": 0, "_wandb": {"runtime": 12}}