{"final_val_loss": 8.352868270874023, "_timestamp": 1689285353.0461948, "_runtime": 19.42344379425049, "_step": 0, "_wandb": {"runtime": 18}}