{"final_val_loss": 1.7287327432632447, "_timestamp": 1689280660.08947, "_runtime": 14.51597285270691, "_step": 0, "_wandb": {"runtime": 13}}