{"final_val_loss": 1.9710543179512023, "_timestamp": 1689318560.142594, "_runtime": 20.70990514755249, "_step": 0, "_wandb": {"runtime": 19}}