{"final_val_loss": 2.1403395986557006, "_timestamp": 1690540728.9166722, "_runtime": 15.167426347732544, "_step": 0, "_wandb": {"runtime": 14}}