{"final_val_loss": 1.8381253480911255, "_timestamp": 1689281745.1129873, "_runtime": 12.744198322296143, "_step": 0, "_wandb": {"runtime": 10}}