{"final_val_loss": 1.8091227221488952, "_timestamp": 1689283650.3172212, "_runtime": 23.51647114753723, "_step": 0, "_wandb": {"runtime": 22}}