{"final_val_loss": 2.381521005630493, "_timestamp": 1689319965.9169421, "_runtime": 22.271400213241577, "_step": 0, "_wandb": {"runtime": 21}}