{"final_val_loss": 2.4118409967422485, "_timestamp": 1689284771.8371415, "_runtime": 19.209747552871704, "_step": 0, "_wandb": {"runtime": 18}}