{"final_val_loss": 1.7752760028839112, "_timestamp": 1690541115.9009633, "_runtime": 13.246728420257568, "_step": 0, "_wandb": {"runtime": 12}}