{"final_val_loss": 1.6637280225753783, "_timestamp": 1689280712.7451193, "_runtime": 13.410139322280884, "_step": 0, "_wandb": {"runtime": 12}}