{"final_val_loss": 1.7701947951316834, "_timestamp": 1689283105.837986, "_runtime": 22.073559045791626, "_step": 0, "_wandb": {"runtime": 20}}