{"loss_train": 3.8972536230087282, "loss_val": 3.900463652610779, "lr": 2.092077271456401e-06, "_timestamp": 1690646978.1035829, "_runtime": 152.22617387771606, "_step": 537, "training_throughput": -29555.6334817882, "params_num": 145838, "_wandb": {"runtime": 145}}