{"final_val_loss": 1.9040431094169616, "_timestamp": 1689280409.3811026, "_runtime": 13.13793659210205, "_step": 0, "_wandb": {"runtime": 12}}