{"final_val_loss": 1.8583077573776245, "_timestamp": 1689319594.0636744, "_runtime": 19.83794856071472, "_step": 0, "_wandb": {"runtime": 19}}