{"final_val_loss": 1.7278468799591065, "_timestamp": 1689281044.9936066, "_runtime": 13.160156488418579, "_step": 0, "_wandb": {"runtime": 11}}