{"final_val_loss": 1.6791411852836609, "_timestamp": 1689285176.0074453, "_runtime": 22.475483417510986, "_step": 0, "_wandb": {"runtime": 21}}