{"final_val_loss": 1.9333141660690307, "_timestamp": 1689281269.1910517, "_runtime": 12.790793657302856, "_step": 0, "_wandb": {"runtime": 11}}