{"final_val_loss": 2.3906123065948486, "_timestamp": 1690540457.1131425, "_runtime": 21.092684507369995, "_step": 0, "_wandb": {"runtime": 20}}