{"final_val_loss": 5.5791874027252195, "_timestamp": 1689285105.2547543, "_runtime": 26.181095361709595, "_step": 0, "_wandb": {"runtime": 23}}