{"final_val_loss": 2.6966165018081667, "_timestamp": 1689284440.0179176, "_runtime": 25.129695653915405, "_step": 0, "_wandb": {"runtime": 23}}