{"loss": 2.1189658641815186, "update_to_data": {"embed.weight": -4.285555839538574, "fc1.weight": -3.179042100906372, "fc1.bias": -3.526104211807251, "lm_head.weight": -3.2274818420410156, "lm_head.bias": -3.382986545562744}, "_timestamp": 1688975358.4573836, "a1": {"_type": "histogram", "values": [10310, 6064, 4655, 4402, 3410, 3575, 2778, 2852, 2507, 2321, 2017, 2092, 1883, 1863, 1844, 1943, 1851, 2110, 2174, 2118, 2149, 2101, 2252, 2523, 2443, 2767, 2910, 3202, 3511, 4415, 4546, 6812], "bins": [-0.9999741315841675, -0.9374796152114868, -0.8749850392341614, -0.8124905228614807, -0.7499960064888, -0.6875014305114746, -0.625006914138794, -0.5625123977661133, -0.5000178217887878, -0.4375233054161072, -0.3750287592411041, -0.3125342130661011, -0.2500396966934204, -0.18754515051841736, -0.1250506192445755, -0.06255608052015305, -6.154179573059082e-05, 0.062432996928691864, 0.12492753565311432, 0.18742206692695618, 0.24991661310195923, 0.3124111294746399, 0.37490567564964294, 0.437400221824646, 0.49989473819732666, 0.5623893141746521, 0.6248838305473328, 0.6873783469200134, 0.7498729228973389, 0.8123674392700195, 0.8748619556427002, 0.9373565316200256, 0.9998510479927063]}, "embed.weight": {"_type": "histogram", "values": [3, 0, 1, 3, 1, 4, 2, 5, 11, 6, 15, 19, 25, 32, 64, 284, 90, 55, 22, 19, 8, 9, 4, 8, 4, 4, 1, 3, 0, 0, 1, 1], "bins": [-0.007735554128885269, -0.007242382038384676, -0.006749209947884083, -0.00625603785738349, -0.005762865766882896, -0.005269693676382303, -0.00477652158588171, -0.004283349495381117, -0.0037901774048805237, -0.0032970053143799305, -0.0028038332238793373, -0.002310661133378744, -0.001817489042878151, -0.0013243169523775578, -0.0008311448618769646, -0.0003379727713763714, 0.0001551993191242218, 0.000648371409624815, 0.0011415435001254082, 0.0016347155906260014, 0.0021278876811265945, 0.0026210597716271877, 0.003114231862127781, 0.003607403952628374, 0.004100576043128967, 0.0045937481336295605, 0.005086920224130154, 0.005580092314630747, 0.00607326440513134, 0.006566436495631933, 0.007059608586132526, 0.00755278067663312, 0.008045952767133713]}, "fc1.weight": {"_type": "histogram", "values": [1, 0, 0, 0, 0, 1, 2, 0, 6, 12, 21, 26, 44, 92, 135, 256, 397, 558, 647, 757, 633, 484, 288, 188, 110, 74, 39, 10, 12, 3, 2, 2], "bins": [-0.01846206560730934, -0.01750321500003338, -0.016544364392757416, -0.015585512854158878, -0.014626662246882915, -0.013667810708284378, -0.012708960101008415, -0.011750109493732452, -0.01079125888645649, -0.009832407347857952, -0.00887355674058199, -0.007914706133306026, -0.006955854594707489, -0.005997003987431526, -0.005038152914494276, -0.004079302307218313, -0.003120451234281063, -0.0021616003941744566, -0.0012027494376525283, -0.0002438985393382609, 0.0007149523589760065, 0.001673803199082613, 0.002632654272019863, 0.0035915051121264696, 0.004550355952233076, 0.005509207025170326, 0.006468057632446289, 0.007426908705383539, 0.00838575977832079, 0.009344610385596752, 0.010303460992872715, 0.011262312531471252, 0.012221163138747215]}, "lm_head.weight": {"_type": "histogram", "values": [3, 1, 4, 7, 12, 26, 30, 45, 70, 82, 88, 130, 163, 274, 482, 1492, 548, 261, 187, 144, 94, 64, 59, 36, 31, 19, 19, 14, 6, 4, 2, 3], "bins": [-0.01090392004698515, -0.010201643221080303, -0.009499365463852882, -0.008797088637948036, -0.00809481181204319, -0.007392534054815769, -0.006690257228910923, -0.0059879799373447895, -0.005285702645778656, -0.0045834253542125225, -0.0038811482954770327, -0.003178871236741543, -0.0024765939451754093, -0.0017743167700245976, -0.001072039594873786, -0.0003697624197229743, 0.00033251475542783737, 0.001034791930578649, 0.0017370691057294607, 0.0024393461644649506, 0.003141623456031084, 0.0038439007475972176, 0.004546177573502064, 0.005248454865068197, 0.005950732156634331, 0.006653009448200464, 0.007355286739766598, 0.008057563565671444, 0.008759841322898865, 0.009462118148803711, 0.010164394974708557, 0.010866672731935978, 0.011568949557840824]}, "_runtime": 52.61225962638855, "_step": 9950, "training_throughput": 1329171.6263920472, "_wandb": {"runtime": 10}}