{"final_val_loss": 2.619496531486511, "_timestamp": 1689319101.6447027, "_runtime": 30.030086755752563, "_step": 0, "_wandb": {"runtime": 27}}