{"final_val_loss": 1.8757747101783753, "_timestamp": 1689284305.095297, "_runtime": 24.76397204399109, "_step": 0, "_wandb": {"runtime": 23}}