{"final_val_loss": 1.9230368256568908, "_timestamp": 1689320136.258428, "_runtime": 20.4725501537323, "_step": 0, "_wandb": {"runtime": 19}}