{"final_val_loss": 1.847685513496399, "_timestamp": 1689318669.3977852, "_runtime": 23.511028289794922, "_step": 0, "_wandb": {"runtime": 22}}