{"final_val_loss": 1.7619416332244873, "_timestamp": 1689281169.5071654, "_runtime": 13.555940389633179, "_step": 0, "_wandb": {"runtime": 11}}