{"loss_train": 3.059203906059265, "loss_val": 3.0642571353912356, "lr": 0.49004900509950994, "_timestamp": 1690646353.60578, "_runtime": 170.98978281021118, "_step": 9801, "training_throughput": 26706.93030406908, "params_num": 145838, "_wandb": {"runtime": 98}}