{"final_val_loss": 2.3558405303955077, "_timestamp": 1689280967.5930166, "_runtime": 13.05530571937561, "_step": 0, "_wandb": {"runtime": 11}}