{"final_val_loss": 2.2303037881851195, "_timestamp": 1689283520.0638309, "_runtime": 24.946724891662598, "_step": 0, "_wandb": {"runtime": 24}}