{"final_val_loss": 1.771759054660797, "_timestamp": 1689283713.0474222, "_runtime": 21.528152227401733, "_step": 0, "_wandb": {"runtime": 20}}