{"final_val_loss": 1.8121210885047914, "_timestamp": 1690540549.8298938, "_runtime": 14.501303911209106, "_step": 0, "_wandb": {"runtime": 13}}