{"final_val_loss": 1.716119668483734, "_timestamp": 1689281585.934879, "_runtime": 14.648194074630737, "_step": 0, "_wandb": {"runtime": 13}}