{"final_val_loss": 1.8454619479179382, "_timestamp": 1689319688.8704033, "_runtime": 19.67364740371704, "_step": 0, "_wandb": {"runtime": 18}}