{"final_val_loss": 1.7880033946037293, "_timestamp": 1689282856.578345, "_runtime": 19.09111213684082, "_step": 0, "_wandb": {"runtime": 18}}