{"final_val_loss": 7.055168085098266, "_timestamp": 1689285258.8527741, "_runtime": 25.26428723335266, "_step": 0, "_wandb": {"runtime": 24}}