{"final_val_loss": 1.68376168012619, "_timestamp": 1689283411.160299, "_runtime": 23.467491149902344, "_step": 0, "_wandb": {"runtime": 22}}