{"final_val_loss": 1.8583410596847534, "_timestamp": 1689318635.30392, "_runtime": 20.733263969421387, "_step": 0, "_wandb": {"runtime": 19}}