{"final_val_loss": 1.8258564162254334, "_timestamp": 1689285464.0910294, "_runtime": 22.117905378341675, "_step": 0, "_wandb": {"runtime": 21}}