{"final_val_loss": 1.8976245212554932, "_timestamp": 1689319369.576008, "_runtime": 24.962860107421875, "_step": 0, "_wandb": {"runtime": 24}}