{"final_val_loss": 1.6550891637802123, "_timestamp": 1689281522.6518445, "_runtime": 14.96219253540039, "_step": 0, "_wandb": {"runtime": 14}}