{"final_val_loss": 1.7299790692329406, "_timestamp": 1689280303.9559646, "_runtime": 13.453438520431519, "_step": 0, "_wandb": {"runtime": 12}}