{"final_val_loss": 1.828370509147644, "_timestamp": 1690540821.5053854, "_runtime": 33.14176034927368, "_step": 0, "_wandb": {"runtime": 32}}