{"final_val_loss": 1.8929120182991028, "_timestamp": 1689281366.4286873, "_runtime": 11.799445390701294, "_step": 0, "_wandb": {"runtime": 10}}