{"final_val_loss": 1.6835309481620788, "_timestamp": 1689280441.7004309, "_runtime": 13.723733901977539, "_step": 0, "_wandb": {"runtime": 12}}