{"final_val_loss": 1.7946934247016906, "_timestamp": 1689283073.2117295, "_runtime": 22.11381459236145, "_step": 0, "_wandb": {"runtime": 21}}