{"final_val_loss": 1.9504613995552063, "_timestamp": 1689285495.4080298, "_runtime": 21.66651678085327, "_step": 0, "_wandb": {"runtime": 20}}