{"final_val_loss": 1.9210736417770387, "_timestamp": 1689319168.276964, "_runtime": 20.050468921661377, "_step": 0, "_wandb": {"runtime": 19}}