{"final_val_loss": 2.666864848136902, "_timestamp": 1689320075.4651845, "_runtime": 23.42950749397278, "_step": 0, "_wandb": {"runtime": 21}}