{"final_val_loss": 2.5172523784637453, "_timestamp": 1689318434.410038, "_runtime": 25.832693099975586, "_step": 0, "_wandb": {"runtime": 22}}