{"final_val_loss": 1.6166470289230346, "_timestamp": 1689318986.356498, "_runtime": 28.00440001487732, "_step": 0, "_wandb": {"runtime": 27}}