{"final_val_loss": 2.1924326992034913, "_timestamp": 1689319335.1359215, "_runtime": 22.302043437957764, "_step": 0, "_wandb": {"runtime": 21}}