{"final_val_loss": 1.7681202745437623, "_timestamp": 1689318883.9674935, "_runtime": 21.61324644088745, "_step": 0, "_wandb": {"runtime": 20}}