{"loss_train": 1.5279041028022766, "loss_val": 1.6266558408737182, "update_to_data": {"embed.weight": -6.863184928894043, "fc1.weight": -5.560645580291748, "fc1.bias": -5.683694839477539, "lm_head.weight": -5.384293079376221, "lm_head.bias": -4.9824748039245605}, "_timestamp": 1689321455.8487926, "_runtime": 73.73265266418457, "_step": 19501, "parameters/embed.weight": {"_type": "histogram", "values": [1.0, 0.0, 0.0, 0.0, 0.0, 0.0, 0.0, 1.0, 1.0, 1.0, 1.0, 5.0, 2.0, 3.0, 6.0, 9.0, 10.0, 9.0, 19.0, 16.0, 20.0, 25.0, 29.0, 35.0, 39.0, 40.0, 48.0, 48.0, 61.0, 49.0, 51.0, 57.0, 56.0, 65.0, 65.0, 54.0, 63.0, 60.0, 63.0, 51.0, 50.0, 47.0, 30.0, 37.0, 36.0, 22.0, 25.0, 21.0, 13.0, 21.0, 12.0, 9.0, 3.0, 6.0, 4.0, 1.0, 3.0, 1.0, 2.0, 0.0, 0.0, 0.0, 1.0, 1.0], "bins": [-4.506716251373291, -4.3728556632995605, -4.23899507522583, -4.1051344871521, -3.9712741374969482, -3.8374135494232178, -3.7035531997680664, -3.569692611694336, -3.4358320236206055, -3.301971435546875, -3.1681108474731445, -3.034250497817993, -2.9003899097442627, -2.7665293216705322, -2.632668972015381, -2.4988083839416504, -2.36494779586792, -2.2310872077941895, -2.097226619720459, -1.9633662700653076, -1.8295056819915771, -1.6956450939178467, -1.5617846250534058, -1.4279241561889648, -1.2940635681152344, -1.160202980041504, -1.026342511177063, -0.8924819827079773, -0.7586214542388916, -0.6247609257698059, -0.4909003973007202, -0.3570398688316345, -0.22317886352539062, -0.08931833505630493, 0.04454219341278076, 0.17840272188186646, 0.31226325035095215, 0.44612377882003784, 0.5799843072891235, 0.7138448357582092, 0.8477053642272949, 0.9815658926963806, 1.1154264211654663, 1.2492868900299072, 1.3831474781036377, 1.5170080661773682, 1.650868535041809, 1.78472900390625, 1.9185895919799805, 2.052450180053711, 2.1863107681274414, 2.3201711177825928, 2.4540317058563232, 2.5878922939300537, 2.721752643585205, 2.8556132316589355, 2.989473819732666, 3.1233344078063965, 3.257194995880127, 3.3910553455352783, 3.524915933609009, 3.6587765216827393, 3.7926368713378906, 3.926497459411621, 4.060358047485352]}, "parameters/fc1.weight": {"_type": "histogram", "values": [1.0, 2.0, 4.0, 5.0, 3.0, 6.0, 9.0, 14.0, 24.0, 35.0, 52.0, 73.0, 127.0, 144.0, 214.0, 297.0, 391.0, 535.0, 752.0, 980.0, 1291.0, 1721.0, 2328.0, 3082.0, 4042.0, 5238.0, 6470.0, 7829.0, 8960.0, 9890.0, 10128.0, 9946.0, 9505.0, 8813.0, 7813.0, 6435.0, 5218.0, 3932.0, 3075.0, 2247.0, 1616.0, 1289.0, 956.0, 619.0, 512.0, 396.0, 284.0, 205.0, 148.0, 98.0, 73.0, 44.0, 45.0, 28.0, 19.0, 11.0, 16.0, 4.0, 2.0, 1.0, 1.0, 0.0, 1.0, 1.0], "bins": [-0.4074958562850952, -0.39432963728904724, -0.38116341829299927, -0.3679972290992737, -0.3548310101032257, -0.34166479110717773, -0.32849860191345215, -0.3153323829174042, -0.3021661639213562, -0.2889999449253082, -0.27583372592926025, -0.26266753673553467, -0.2495013177394867, -0.23633509874343872, -0.22316889464855194, -0.21000269055366516, -0.1968364715576172, -0.1836702525615692, -0.17050404846668243, -0.15733784437179565, -0.14417162537574768, -0.1310054063796997, -0.11783920228481293, -0.10467299073934555, -0.09150677919387817, -0.0783405676484108, -0.06517435610294342, -0.052008144557476044, -0.03884193301200867, -0.02567572146654129, -0.012509509921073914, 0.0006567016243934631, 0.013822883367538452, 0.02698909491300583, 0.040155306458473206, 0.05332151800394058, 0.06648772954940796, 0.07965394109487534, 0.09282015264034271, 0.10598636418581009, 0.11915257573127747, 0.13231879472732544, 0.14548499882221222, 0.158651202917099, 0.17181742191314697, 0.18498364090919495, 0.19814984500408173, 0.2113160490989685, 0.22448226809501648, 0.23764848709106445, 0.25081467628479004, 0.263980895280838, 0.277147114276886, 0.29031333327293396, 0.30347955226898193, 0.3166457414627075, 0.3298119604587555, 0.34297817945480347, 0.35614436864852905, 0.369310587644577, 0.382476806640625, 0.395643025636673, 0.40880924463272095, 0.42197543382644653, 0.4351416528224945]}, "parameters/fc1.bias": {"_type": "histogram", "values": [1.0, 0.0, 0.0, 0.0, 0.0, 0.0, 0.0, 0.0, 2.0, 2.0, 1.0, 2.0, 1.0, 1.0, 5.0, 7.0, 7.0, 9.0, 12.0, 10.0, 17.0, 11.0, 9.0, 15.0, 13.0, 18.0, 17.0, 7.0, 14.0, 11.0, 10.0, 16.0, 25.0, 14.0, 18.0, 19.0, 15.0, 26.0, 15.0, 22.0, 17.0, 17.0, 8.0, 7.0, 9.0, 7.0, 10.0, 8.0, 3.0, 10.0, 5.0, 5.0, 9.0, 3.0, 0.0, 3.0, 4.0, 1.0, 0.0, 0.0, 0.0, 0.0, 1.0, 1.0], "bins": [-0.2436307966709137, -0.23635455965995789, -0.22907832264900208, -0.22180210053920746, -0.21452586352825165, -0.20724962651729584, -0.19997340440750122, -0.1926971673965454, -0.1854209303855896, -0.1781446933746338, -0.17086845636367798, -0.16359223425388336, -0.15631599724292755, -0.14903976023197174, -0.14176353812217712, -0.1344873011112213, -0.1272110641002655, -0.11993482708930969, -0.11265859752893448, -0.10538236796855927, -0.09810613095760345, -0.09082989394664764, -0.08355366438627243, -0.07627743482589722, -0.0690011978149414, -0.061724964529275894, -0.05444873124361038, -0.04717249795794487, -0.03989626467227936, -0.032620031386613846, -0.025343798100948334, -0.01806756481528282, -0.010791346430778503, -0.0035151131451129913, 0.0037611201405525208, 0.011037353426218033, 0.018313586711883545, 0.025589819997549057, 0.03286605328321457, 0.04014228656888008, 0.04741851985454559, 0.054694753140211105, 0.06197098642587662, 0.06924721598625183, 0.07652345299720764, 0.08379969000816345, 0.09107591956853867, 0.09835214912891388, 0.10562838613986969, 0.1129046231508255, 0.12018085271120071, 0.12745708227157593, 0.13473331928253174, 0.14200955629348755, 0.14928579330444336, 0.15656201541423798, 0.1638382524251938, 0.1711144894361496, 0.1783907115459442, 0.18566694855690002, 0.19294318556785583, 0.20021942257881165, 0.20749565958976746, 0.21477188169956207, 0.22204811871051788]}, "parameters/lm_head.weight": {"_type": "histogram", "values": [1.0, 0.0, 0.0, 1.0, 0.0, 0.0, 2.0, 3.0, 2.0, 2.0, 6.0, 7.0, 13.0, 11.0, 15.0, 33.0, 46.0, 64.0, 73.0, 99.0, 134.0, 193.0, 262.0, 311.0, 387.0, 464.0, 556.0, 650.0, 769.0, 837.0, 963.0, 1050.0, 1160.0, 1199.0, 1323.0, 1217.0, 1277.0, 1186.0, 1138.0, 990.0, 919.0, 845.0, 757.0, 615.0, 537.0, 401.0, 371.0, 254.0, 231.0, 170.0, 136.0, 100.0, 63.0, 53.0, 37.0, 32.0, 14.0, 8.0, 4.0, 4.0, 0.0, 1.0, 2.0, 2.0], "bins": [-0.47026580572128296, -0.45694658160209656, -0.44362732768058777, -0.43030810356140137, -0.4169888496398926, -0.4036696255207062, -0.3903503715991974, -0.377031147480011, -0.3637118935585022, -0.3503926694393158, -0.3370734453201294, -0.3237541913986206, -0.3104349672794342, -0.2971157133579254, -0.283796489238739, -0.2704772353172302, -0.2571580111980438, -0.24383877217769623, -0.23051953315734863, -0.21720029413700104, -0.20388105511665344, -0.19056183099746704, -0.17724259197711945, -0.16392335295677185, -0.15060411393642426, -0.13728487491607666, -0.12396563589572906, -0.11064640432596207, -0.09732716530561447, -0.08400792628526688, -0.07068869471549988, -0.05736945569515228, -0.044050246477127075, -0.03073100931942463, -0.017411772161722183, -0.004092535004019737, 0.009226702153682709, 0.022545939311385155, 0.0358651764690876, 0.0491844117641449, 0.06250365078449249, 0.07582288980484009, 0.08914212882518768, 0.10246136039495468, 0.11578059941530228, 0.12909983098506927, 0.14241907000541687, 0.15573830902576447, 0.16905754804611206, 0.18237678706645966, 0.19569602608680725, 0.20901526510715485, 0.22233450412750244, 0.23565372824668884, 0.24897296726703644, 0.26229220628738403, 0.2756114602088928, 0.2889306843280792, 0.3022499084472656, 0.3155691623687744, 0.3288883864879608, 0.3422076404094696, 0.355526864528656, 0.3688461184501648, 0.3821653425693512]}, "parameters/lm_head.bias": {"_type": "histogram",