{"final_val_loss": 1.781013584136963, "_timestamp": 1689284345.4631913, "_runtime": 21.91799020767212, "_step": 0, "_wandb": {"runtime": 21}}