{"final_val_loss": 1.9781843614578247, "_timestamp": 1690540685.2300446, "_runtime": 28.639833688735962, "_step": 0, "_wandb": {"runtime": 27}}