{"final_val_loss": 9.46903678894043, "_timestamp": 1689284218.7976162, "_runtime": 27.96505618095398, "_step": 0, "_wandb": {"runtime": 23}}