{"final_val_loss": 2.2507490730285644, "_timestamp": 1689318399.7012722, "_runtime": 27.146474361419678, "_step": 0, "_wandb": {"runtime": 26}}