{"final_val_loss": 2.1654894495010377, "_timestamp": 1689284116.9547033, "_runtime": 19.1029953956604, "_step": 0, "_wandb": {"runtime": 18}}