{"final_val_loss": 1.755391573905945, "_timestamp": 1689285700.9736888, "_runtime": 22.34359574317932, "_step": 0, "_wandb": {"runtime": 21}}