{"loss_train": 1.8202030634880066, "loss_val": 1.850686824321747, "update_to_data": {"PE": -4.541134834289551, "embed.weight": -4.7967634201049805, "layers.0.sa.X_to_query.weight": -5.259730815887451, "layers.0.sa.X_to_key.weight": -5.217031478881836, "layers.0.sa.X_to_value.weight": -4.657225131988525, "layers.0.l1.weight": -3.2217986583709717, "layers.0.l1.bias": -3.6258294582366943, "layers.0.fc1.weight": -4.978745460510254, "layers.0.fc1.bias": -4.801255226135254, "layers.0.fc2.weight": -5.022099494934082, "layers.0.fc2.bias": -5.19199800491333, "layers.0.l2.weight": -2.751471757888794, "layers.0.l2.bias": -1.873299241065979, "layers.1.sa.X_to_query.weight": -4.512359142303467, "layers.1.sa.X_to_key.weight": -4.471243381500244, "layers.1.sa.X_to_value.weight": -4.0853118896484375, "layers.1.l1.weight": -3.8930165767669678, "layers.1.l1.bias": -3.5513010025024414, "layers.1.fc1.weight": -4.906214714050293, "layers.1.fc1.bias": -4.658029079437256, "layers.1.fc2.weight": -4.940330505371094, "layers.1.fc2.bias": -5.45561408996582, "layers.1.l2.weight": -2.514968156814575, "layers.1.l2.bias": -2.0672943592071533, "lm_head.weight": -4.161363124847412, "lm_head.bias": -4.178422451019287}, "_timestamp": 1690558234.7888343, "_runtime": 391.28608441352844, "_step": 19801, "training_throughput": 43863.38714212601, "params_num": 27598, "_wandb": {"runtime": 120}}