{"loss_train": 1.7804774594306947, "loss_val": 1.844737777709961, "update_to_data": {"PE": -4.849252223968506, "embed.weight": -5.132565975189209, "layers.0.sa.X_to_query.weight": -4.611386299133301, "layers.0.sa.X_to_key.weight": -4.161259174346924, "layers.0.sa.X_to_value.weight": -4.1242289543151855, "layers.0.l1.weight": -3.4200568199157715, "layers.0.l1.bias": -3.0852413177490234, "layers.0.fc1.weight": -4.345836162567139, "layers.0.fc1.bias": -4.01179313659668, "layers.0.fc2.weight": -4.05197811126709, "layers.0.fc2.bias": -3.6283695697784424, "layers.0.l2.weight": -3.6786389350891113, "layers.0.l2.bias": -3.4848949909210205, "layers.1.sa.X_to_query.weight": -4.693652153015137, "layers.1.sa.X_to_key.weight": -4.558163166046143, "layers.1.sa.X_to_value.weight": -4.113953113555908, "layers.1.l1.weight": -3.917616844177246, "layers.1.l1.bias": -3.2835609912872314, "layers.1.fc1.weight": -4.315645694732666, "layers.1.fc1.bias": -3.993770122528076, "layers.1.fc2.weight": -4.090874195098877, "layers.1.fc2.bias": -3.659829616546631, "layers.1.l2.weight": -4.153518199920654, "layers.1.l2.bias": -4.187939643859863, "lm_head.weight": -4.319944858551025, "lm_head.bias": -4.308856010437012}, "lr": 0.0002, "_timestamp": 1690644491.5631402, "_runtime": 264.84254908561707, "_step": 19801, "training_throughput": 44156.160566387516, "params_num": 27598, "_wandb": {"runtime": 114}}