{"final_val_loss": 1.9057496523857116, "_timestamp": 1689319134.240154, "_runtime": 22.818166971206665, "_step": 0, "_wandb": {"runtime": 21}}