{"final_val_loss": 1.7689698719978333, "_timestamp": 1689280922.3066328, "_runtime": 10.162676811218262, "_step": 0, "_wandb": {"runtime": 9}}