{"final_val_loss": 1.8158175134658814, "_timestamp": 1689283265.1253629, "_runtime": 17.299901962280273, "_step": 0, "_wandb": {"runtime": 16}}