{"final_val_loss": 2.6433918046951295, "_timestamp": 1689283876.09549, "_runtime": 19.098702907562256, "_step": 0, "_wandb": {"runtime": 18}}