{"final_val_loss": 1.8821300101280212, "_timestamp": 1689285323.5516076, "_runtime": 16.825478553771973, "_step": 0, "_wandb": {"runtime": 16}}