{"final_val_loss": 1.8168363332748414, "_timestamp": 1689283213.661844, "_runtime": 24.271163940429688, "_step": 0, "_wandb": {"runtime": 21}}