{"final_val_loss": 1.7633591604232788, "_timestamp": 1689319933.882026, "_runtime": 26.07677984237671, "_step": 0, "_wandb": {"runtime": 24}}