{"loss_train": 2.0374650454521177, "loss_val": 2.0277111387252806, "update_to_data": {"embed.weight": -4.313054084777832, "fc1.weight": -3.195169687271118, "fc1.bias": -3.5644357204437256, "lm_head.weight": -3.243115186691284, "lm_head.bias": -3.493912935256958}, "_timestamp": 1688977452.4728901, "_runtime": 43.97385907173157, "_step": 9900, "training_throughput": 971128.2165136331, "_wandb": {"runtime": 48}}