{"final_val_loss": 1.717477149963379, "_timestamp": 1689281820.1204908, "_runtime": 16.431001901626587, "_step": 0, "_wandb": {"runtime": 15}}