{"final_val_loss": 1.8723564291000365, "_timestamp": 1689285005.469619, "_runtime": 22.14802098274231, "_step": 0, "_wandb": {"runtime": 21}}