{"final_val_loss": 1.7305359077453613, "_timestamp": 1689281789.7478135, "_runtime": 14.562004566192627, "_step": 0, "_wandb": {"runtime": 13}}