{"final_val_loss": 7.802011032104492, "_timestamp": 1689283843.9496233, "_runtime": 25.86543345451355, "_step": 0, "_wandb": {"runtime": 23}}