{"final_val_loss": 1.8111878156661987, "_timestamp": 1689281340.487517, "_runtime": 13.019668102264404, "_step": 0, "_wandb": {"runtime": 12}}