{"final_val_loss": 1.844218373298645, "_timestamp": 1689320171.3969107, "_runtime": 24.766411781311035, "_step": 0, "_wandb": {"runtime": 24}}