{"final_val_loss": 6.71855073928833, "_timestamp": 1689285597.2572496, "_runtime": 26.34993267059326, "_step": 0, "_wandb": {"runtime": 25}}