{"final_val_loss": 1.850706660747528, "_timestamp": 1689284176.3733988, "_runtime": 24.863417863845825, "_step": 0, "_wandb": {"runtime": 23}}