{"final_val_loss": 1.7501005673408507, "_timestamp": 1689281687.4239767, "_runtime": 13.530458688735962, "_step": 0, "_wandb": {"runtime": 12}}