{"final_val_loss": 6.364319314956665, "_timestamp": 1689283293.9253483, "_runtime": 19.79585027694702, "_step": 0, "_wandb": {"runtime": 18}}