{"final_val_loss": 3.418106293678284, "_timestamp": 1689283954.7687323, "_runtime": 24.560442209243774, "_step": 0, "_wandb": {"runtime": 23}}