{"final_val_loss": 2.2207324647903444, "_timestamp": 1690540777.6536467, "_runtime": 10.897283792495728, "_step": 0, "_wandb": {"runtime": 10}}