{"final_val_loss": 1.763075041770935, "_timestamp": 1689284377.8910317, "_runtime": 22.29801082611084, "_step": 0, "_wandb": {"runtime": 21}}