{"final_val_loss": 2.529643707275391, "_timestamp": 1689318254.5410688, "_runtime": 21.08771586418152, "_step": 0, "_wandb": {"runtime": 20}}