{"final_val_loss": 1.7990267276763916, "_timestamp": 1689284045.1510756, "_runtime": 21.847992658615112, "_step": 0, "_wandb": {"runtime": 20}}