{"final_val_loss": 2.1824173450469972, "_timestamp": 1690540382.2800763, "_runtime": 15.582361221313477, "_step": 0, "_wandb": {"runtime": 14}}