{"final_val_loss": 13.028365745544434, "_timestamp": 1689319410.2065387, "_runtime": 28.798986673355103, "_step": 0, "_wandb": {"runtime": 25}}