{"final_val_loss": 1.8100488471984864, "_timestamp": 1689285733.6405377, "_runtime": 24.187686681747437, "_step": 0, "_wandb": {"runtime": 23}}