{"final_val_loss": 1.8277401542663574, "_timestamp": 1689319223.2168496, "_runtime": 16.571396589279175, "_step": 0, "_wandb": {"runtime": 15}}