{"final_val_loss": 1.7297093510627746, "_timestamp": 1689280789.8391654, "_runtime": 14.214908361434937, "_step": 0, "_wandb": {"runtime": 13}}