{"final_val_loss": 1.8219183921813964, "_timestamp": 1689283553.9005845, "_runtime": 21.411373376846313, "_step": 0, "_wandb": {"runtime": 20}}