{"final_val_loss": 1.7755098247528076, "_timestamp": 1689280633.9540687, "_runtime": 10.545617580413818, "_step": 0, "_wandb": {"runtime": 9}}