{"final_val_loss": 1.7168402647972107, "_timestamp": 1689318472.1094007, "_runtime": 26.60007882118225, "_step": 0, "_wandb": {"runtime": 25}}