{"final_val_loss": 1.771434304714203, "_timestamp": 1689281100.602392, "_runtime": 14.75440502166748, "_step": 0, "_wandb": {"runtime": 13}}