{"final_val_loss": 1.8063654613494873, "_timestamp": 1689284918.1273837, "_runtime": 24.40768265724182, "_step": 0, "_wandb": {"runtime": 23}}