{"final_val_loss": 1.7304904246330262, "_timestamp": 1689282003.9156134, "_runtime": 13.988547325134277, "_step": 0, "_wandb": {"runtime": 13}}