{"final_val_loss": 1.8167961835861206, "_timestamp": 1689284500.4524379, "_runtime": 21.36204695701599, "_step": 0, "_wandb": {"runtime": 20}}