{"final_val_loss": 1.8191309976577759, "_timestamp": 1689320283.907148, "_runtime": 26.23211693763733, "_step": 0, "_wandb": {"runtime": 24}}