{"final_val_loss": 1.7418320655822754, "_timestamp": 1689280765.7522035, "_runtime": 13.632686376571655, "_step": 0, "_wandb": {"runtime": 12}}