{"final_val_loss": 16.402891159057617, "_timestamp": 1689283336.9248827, "_runtime": 25.780174732208252, "_step": 0, "_wandb": {"runtime": 24}}