{"final_val_loss": 1.8376048016548157, "_timestamp": 1689283004.9449143, "_runtime": 27.356115341186523, "_step": 0, "_wandb": {"runtime": 21}}