{"final_val_loss": 1.7853763580322266, "_timestamp": 1689318742.5471842, "_runtime": 26.962666273117065, "_step": 0, "_wandb": {"runtime": 25}}