{"final_val_loss": 1.7798106837272645, "_timestamp": 1689319718.1531453, "_runtime": 18.329378366470337, "_step": 0, "_wandb": {"runtime": 17}}