{"final_val_loss": 1.94424569606781, "_timestamp": 1690541269.1825986, "_runtime": 18.47508454322815, "_step": 0, "_wandb": {"runtime": 17}}