{"final_val_loss": 2.5133807134628294, "_timestamp": 1689284637.2025237, "_runtime": 18.944157600402832, "_step": 0, "_wandb": {"runtime": 18}}