{"final_val_loss": 2.0688870930671692, "_timestamp": 1689280734.241756, "_runtime": 13.035152912139893, "_step": 0, "_wandb": {"runtime": 12}}