{"final_val_loss": 1.7869204473495484, "_timestamp": 1689281143.8874762, "_runtime": 10.67472219467163, "_step": 0, "_wandb": {"runtime": 9}}