{"final_val_loss": 1.7726462006568908, "_timestamp": 1689284403.7309067, "_runtime": 16.575177669525146, "_step": 0, "_wandb": {"runtime": 15}}