{"final_val_loss": 2.1127866888046265, "_timestamp": 1689285628.1061156, "_runtime": 19.313636541366577, "_step": 0, "_wandb": {"runtime": 18}}