{"final_val_loss": 2.0523387503623964, "_timestamp": 1690541085.2149498, "_runtime": 19.162092924118042, "_step": 0, "_wandb": {"runtime": 18}}