{"loss": 3.8383476734161377, "update_to_data": {"embed.weight": -4.696742534637451, "fc1.weight": -2.8928372859954834, "fc1.bias": -2.497621536254883, "lm_head.weight": -2.5475573539733887, "lm_head.bias": -1.7838038206100464}, "_timestamp": 1688976796.9166322, "train_loss": 2.026392595767975, "val_loss": 2.0266773009300234, "_runtime": 241.2674810886383, "_step": 100, "training_throughput": 955380.0095743375, "_wandb": {"runtime": 340}}