{"final_val_loss": 2.3906721019744874, "_timestamp": 1689284744.0292528, "_runtime": 19.17026972770691, "_step": 0, "_wandb": {"runtime": 18}}