{"final_val_loss": 1.7866637849807738, "_timestamp": 1689282070.753463, "_runtime": 11.395101070404053, "_step": 0, "_wandb": {"runtime": 10}}