{"final_val_loss": 2.4681153440475465, "_timestamp": 1689285210.386136, "_runtime": 24.406227111816406, "_step": 0, "_wandb": {"runtime": 23}}