{"final_val_loss": 2.03521409034729, "_timestamp": 1689281952.286035, "_runtime": 15.003994941711426, "_step": 0, "_wandb": {"runtime": 13}}