{"final_val_loss": 1.7416850805282593, "_timestamp": 1689281901.7807517, "_runtime": 15.294002771377563, "_step": 0, "_wandb": {"runtime": 14}}