{"final_val_loss": 1.813261034488678, "_timestamp": 1689318924.2752388, "_runtime": 29.248729705810547, "_step": 0, "_wandb": {"runtime": 28}}