{"loss_train": 2.0364109969139097, "loss_val": 2.0352743077278137, "update_to_data": {"embed.weight": -4.345000743865967, "fc1.weight": -3.1533241271972656, "fc1.bias": -3.455479860305786, "lm_head.weight": -3.2083382606506348, "lm_head.bias": -3.295349597930908}, "_timestamp": 1689271069.872888, "_runtime": 14.233047008514404, "_step": 9501, "parameters/embed.weight": {"_type": "histogram", "values": [1.0, 0.0, 1.0, 1.0, 1.0, 1.0, 3.0, 3.0, 2.0, 3.0, 7.0, 4.0, 6.0, 4.0, 7.0, 12.0, 12.0, 7.0, 17.0, 15.0, 23.0, 14.0, 25.0, 23.0, 28.0, 25.0, 18.0, 27.0, 31.0, 29.0, 26.0, 29.0, 25.0, 18.0, 28.0, 23.0, 25.0, 16.0, 26.0, 19.0, 18.0, 7.0, 7.0, 10.0, 20.0, 9.0, 7.0, 3.0, 7.0, 8.0, 5.0, 2.0, 4.0, 1.0, 3.0, 3.0, 0.0, 3.0, 0.0, 0.0, 1.0, 0.0, 0.0, 1.0], "bins": [-3.0676887035369873, -2.966017246246338, -2.8643455505371094, -2.76267409324646, -2.6610026359558105, -2.559330940246582, -2.4576594829559326, -2.355988025665283, -2.2543163299560547, -2.1526448726654053, -2.050973415374756, -1.949301838874817, -1.847630262374878, -1.7459588050842285, -1.6442872285842896, -1.5426157712936401, -1.4409441947937012, -1.3392726182937622, -1.2376011610031128, -1.1359295845031738, -1.0342581272125244, -0.9325865507125854, -0.8309149742126465, -0.7292434573173523, -0.6275719404220581, -0.5259004235267639, -0.42422887682914734, -0.32255733013153076, -0.22088581323623657, -0.11921428143978119, -0.017542749643325806, 0.08412878215312958, 0.18580055236816406, 0.28747206926345825, 0.38914361596107483, 0.4908151626586914, 0.5924866795539856, 0.6941581964492798, 0.7958297729492188, 0.8975012898445129, 0.9991728067398071, 1.100844383239746, 1.2025158405303955, 1.3041874170303345, 1.4058589935302734, 1.5075304508209229, 1.6092020273208618, 1.7108734846115112, 1.8125450611114502, 1.9142166376113892, 2.015888214111328, 2.1175596714019775, 2.219231128692627, 2.3209028244018555, 2.422574281692505, 2.5242457389831543, 2.625917434692383, 2.7275888919830322, 2.8292603492736816, 2.930931806564331, 3.0326035022735596, 3.134274959564209, 3.2359464168548584, 3.337618112564087, 3.4392895698547363]}, "parameters/fc1.weight": {"_type": "histogram", "values": [3.0, 0.0, 0.0, 0.0, 2.0, 0.0, 0.0, 1.0, 3.0, 3.0, 7.0, 2.0, 6.0, 13.0, 19.0, 24.0, 37.0, 39.0, 54.0, 63.0, 73.0, 95.0, 121.0, 145.0, 148.0, 165.0, 185.0, 229.0, 242.0, 223.0, 258.0, 220.0, 290.0, 255.0, 236.0, 211.0, 225.0, 218.0, 173.0, 159.0, 125.0, 104.0, 89.0, 70.0, 57.0, 49.0, 43.0, 38.0, 17.0, 16.0, 12.0, 7.0, 6.0, 6.0, 6.0, 2.0, 2.0, 2.0, 0.0, 1.0, 0.0, 0.0, 0.0, 1.0], "bins": [-0.5982763171195984, -0.5795481204986572, -0.5608199238777161, -0.5420917272567749, -0.523363471031189, -0.5046352744102478, -0.48590707778930664, -0.4671788811683655, -0.4484506845474243, -0.42972248792648315, -0.410994291305542, -0.39226606488227844, -0.3735378682613373, -0.3548096716403961, -0.33608144521713257, -0.3173532485961914, -0.29862505197525024, -0.2798968553543091, -0.2611686587333679, -0.24244043231010437, -0.2237122356891632, -0.20498403906822205, -0.1862558275461197, -0.16752761602401733, -0.14879941940307617, -0.130071222782135, -0.11134301126003265, -0.0926148071885109, -0.07388660311698914, -0.05515839904546738, -0.03643019497394562, -0.01770199090242386, 0.001026153564453125, 0.019754357635974884, 0.03848256170749664, 0.0572107657790184, 0.07593896985054016, 0.09466717392206192, 0.11339537799358368, 0.13212358951568604, 0.1508517861366272, 0.16957998275756836, 0.18830819427967072, 0.20703640580177307, 0.22576460242271423, 0.2444927990436554, 0.26322102546691895, 0.2819492220878601, 0.30067741870880127, 0.31940561532974243, 0.3381338119506836, 0.35686203837394714, 0.3755902349948883, 0.39431843161582947, 0.413046658039093, 0.4317748546600342, 0.45050305128097534, 0.4692312479019165, 0.48795944452285767, 0.5066876411437988, 0.5254158973693848, 0.5441440939903259, 0.5628722906112671, 0.5816004872322083, 0.6003286838531494]}, "parameters/fc1.bias": {"_type": "histogram", "values": [1.0, 0.0, 1.0, 0.0, 0.0, 1.0, 0.0, 1.0, 1.0, 2.0, 1.0, 4.0, 2.0, 0.0, 0.0, 4.0, 0.0, 0.0, 4.0, 2.0, 3.0, 3.0, 2.0, 5.0, 1.0, 1.0, 2.0, 0.0, 4.0, 2.0, 2.0, 1.0, 5.0, 2.0, 2.0, 4.0, 0.0, 2.0, 3.0, 0.0, 4.0, 1.0, 4.0, 5.0, 0.0, 3.0, 2.0, 0.0, 0.0, 3.0, 3.0, 0.0, 0.0, 1.0, 1.0, 0.0, 2.0, 0.0, 0.0, 2.0, 0.0, 0.0, 0.0, 1.0], "bins": [-0.5733863711357117, -0.5553260445594788, -0.5372657775878906, -0.5192054510116577, -0.5011451840400696, -0.48308488726615906, -0.46502459049224854, -0.446964293718338, -0.4289039969444275, -0.4108436703681946, -0.39278337359428406, -0.37472307682037354, -0.356662780046463, -0.3386024832725525, -0.32054218649864197, -0.30248188972473145, -0.2844215929508209, -0.2663612961769104, -0.24830099940299988, -0.23024070262908936, -0.21218040585517883, -0.19412009418010712, -0.1760597974061966, -0.15799950063228607, -0.13993920385837555, -0.12187890708446503, -0.1038186103105545, -0.08575830608606339, -0.06769800931215286, -0.04963771253824234, -0.03157741203904152, -0.013517113402485847, 0.004543185234069824, 0.022603483870625496, 0.04066378250718117, 0.05872408300638199, 0.07678437978029251, 0.09484467655420303, 0.11290498077869415, 0.13096527755260468, 0.1490255743265152, 0.16708587110042572, 0.18514616787433624, 0.20320646464824677, 0.22126677632331848, 0.239327073097229, 0.2573873698711395, 0.27544766664505005, 0.29350796341896057, 0.3115682601928711, 0.3296285569667816, 0.34768885374069214, 0.36574915051460266, 0.3838094472885132, 0.4018697440624237, 0.41993004083633423, 0.43799036741256714, 0.45605066418647766, 0.4741109609603882, 0.4921712577342987, 0.5102315545082092, 0.5282918214797974, 0.5463521480560303, 0.5644124150276184, 0.5824727416038513]}, "parameters/lm_head.weight": {"_type": "histogram", "values": [2.0, 0.0, 0.0, 0.0, 1.0, 1.0, 2.0, 4.0, 3.0, 5.0, 7.0, 8.0, 7.0, 16.0, 13.0, 21.0, 20.0, 21.0, 39.0, 55.0, 59.0, 69.0, 96.0, 140.0, 174.0, 179.0, 232.0, 278.0, 282.0, 339.0, 322.0, 294.0, 301.0, 275.0, 241.0, 205.0, 151.0, 121.0, 87.0, 79.0, 55.0, 47.0, 46.0, 16.0, 23.0, 9.0, 9.0, 8.0, 14.0, 7.0, 4.0, 7.0, 0.0, 3.0, 0.0, 1.0, 0.0, 1.0, 0.0, 0.0, 0.0, 0.0, 0.0, 1.0], "bins": [-0.6950306296348572, -0.6721195578575134, -0.6492085456848145, -0.6262974739074707, -0.603386402130127, -0.580475389957428, -0.5575643181800842, -0.5346532464027405, -0.5117422342300415, -0.48883116245269775, -0.465920090675354, -0.44300904870033264, -0.4200980067253113, -0.39718693494796753, -0.37427589297294617, -0.3513648211956024, -0.32845377922058105, -0.3055427372455597, -0.28263166546821594, -0.2597206234931946, -0.23680956661701202, -0.21389850974082947, -0.1909874677658081, -0.16807641088962555, -0.145165354013443, -0.12225429713726044, -0.09934324771165848, -0.07643219828605652, -0.05352114140987396, -0.030610088258981705, -0.007699035108089447, 0.01521201804280281, 0.038123130798339844, 0.0610341839492321, 0.08394523710012436, 0.10685628652572632, 0.12976734340190887, 0.15267840027809143, 0.1755894422531128, 0.19850049912929535, 0.2214115560054779, 0.24432261288166046, 0.267233669757843, 0.2901447117328644, 0.31305575370788574, 0.3359668254852295, 0.35887786746025085, 0.3817889392375946, 0.40469998121261597, 0.42761102318763733, 0.4505220949649811, 0.47343313694000244, 0.4963442087173462, 0.5192552208900452, 0.5421662926673889, 0.5650773644447327, 0.5879883766174316, 0.6108994483947754, 0.6338105201721191, 0.6567215919494629, 0.6796326041221619, 0.7025436758995056, 0.7254547476768494, 0.7483657598495483, 0.7712768316268921]}, "parameters/lm_head.bias": {"_type": "histogram", "values": [1.0, 0.0, 0.0, 1.0, 1.0, 4.0, 0.0, 0.0, 1.0, 3.0, 2.0, 1.0, 1.0, 0.0, 1.0, 1.0, 1.0, 0.0, 2.0, 1.0, 3.0, 0.0, 2.0, 1.0, 1.0, 1.0, 0.0, 2.0, 0.0, 1.0, 0.0, 1.0, 0.0, 0.0, 1.0, 0.0, 0.0, 1.0, 1.0, 0.0, 0.0, 0.0, 0.0, 0.0, 2.0, 1.0, 0.0, 0.0, 0.0, 0.0, 0.0, 0.0, 1.0, 1.0, 0.0, 0.0, 1.0, 0.0, 0.0, 1.0, 0.0, 0.0, 0.0, 1.0],