{"loss_train": 2.028025269508362, "loss_val": 2.0324422478675843, "update_to_data": {"embed.weight": -4.319800853729248, "fc1.weight": -3.1793155670166016, "fc1.bias": -3.551722764968872, "lm_head.weight": -3.2153477668762207, "lm_head.bias": -3.41872501373291}, "_timestamp": 1689268095.3638122, "_runtime": 45.71535325050354, "_step": 9501, "parameters/embed.weight": {"_type": "histogram", "values": [1.0, 2.0, 2.0, 2.0, 2.0, 2.0, 1.0, 5.0, 3.0, 1.0, 3.0, 3.0, 6.0, 5.0, 10.0, 7.0, 5.0, 8.0, 10.0, 7.0, 12.0, 13.0, 11.0, 10.0, 19.0, 22.0, 19.0, 17.0, 30.0, 18.0, 22.0, 27.0, 33.0, 24.0, 24.0, 16.0, 17.0, 27.0, 22.0, 26.0, 13.0, 19.0, 16.0, 20.0, 19.0, 9.0, 16.0, 16.0, 6.0, 17.0, 7.0, 9.0, 6.0, 9.0, 3.0, 2.0, 4.0, 4.0, 3.0, 2.0, 4.0, 3.0, 0.0, 3.0], "bins": [-2.9052793979644775, -2.8193447589874268, -2.733410120010376, -2.647475242614746, -2.5615406036376953, -2.4756059646606445, -2.3896713256835938, -2.303736448287964, -2.217801809310913, -2.1318671703338623, -2.0459325313568115, -1.9599977731704712, -1.8740631341934204, -1.78812837600708, -1.7021937370300293, -1.616258978843689, -1.5303243398666382, -1.4443897008895874, -1.358454942703247, -1.2725203037261963, -1.186585545539856, -1.1006509065628052, -1.0147161483764648, -0.9287815093994141, -0.8428468108177185, -0.756912112236023, -0.6709774136543274, -0.5850427150726318, -0.49910804629325867, -0.4131733477115631, -0.32723867893218994, -0.24130398035049438, -0.15536928176879883, -0.06943459063768387, 0.01650010049343109, 0.10243479162454605, 0.188369482755661, 0.27430418133735657, 0.36023885011672974, 0.4461735486984253, 0.5321082472801208, 0.6180429458618164, 0.703977644443512, 0.7899123430252075, 0.8758469820022583, 0.9617816805839539, 1.0477163791656494, 1.1336511373519897, 1.2195857763290405, 1.3055204153060913, 1.3914551734924316, 1.4773898124694824, 1.5633245706558228, 1.6492592096328735, 1.7351939678192139, 1.8211286067962646, 1.9070632457733154, 1.9929980039596558, 2.078932762145996, 2.164867401123047, 2.2508020401000977, 2.3367366790771484, 2.4226715564727783, 2.508606195449829, 2.59454083442688]}, "parameters/fc1.weight": {"_type": "histogram", "values": [1.0, 0.0, 0.0, 0.0, 0.0, 0.0, 0.0, 1.0, 0.0, 1.0, 0.0, 1.0, 0.0, 1.0, 2.0, 1.0, 3.0, 5.0, 9.0, 8.0, 9.0, 14.0, 15.0, 34.0, 42.0, 51.0, 78.0, 76.0, 111.0, 154.0, 152.0, 162.0, 222.0, 219.0, 245.0, 258.0, 277.0, 288.0, 269.0, 272.0, 272.0, 225.0, 235.0, 213.0, 191.0, 127.0, 122.0, 114.0, 71.0, 65.0, 46.0, 34.0, 29.0, 22.0, 18.0, 9.0, 10.0, 4.0, 4.0, 1.0, 4.0, 0.0, 2.0, 1.0], "bins": [-0.7671845555305481, -0.7468472719192505, -0.7265100479125977, -0.7061727643013, -0.6858354806900024, -0.6654981970787048, -0.645160973072052, -0.6248236894607544, -0.6044864058494568, -0.584149181842804, -0.5638118982315063, -0.5434746146202087, -0.5231373310089111, -0.5028001070022583, -0.4824628233909607, -0.4621255397796631, -0.44178828597068787, -0.42145103216171265, -0.40111374855041504, -0.3807764947414398, -0.3604392111301422, -0.340101957321167, -0.3197646737098694, -0.29942741990089417, -0.27909016609191895, -0.25875288248062134, -0.23841561377048492, -0.2180783450603485, -0.1977410912513733, -0.17740382254123688, -0.15706655383110046, -0.13672928512096405, -0.11639201641082764, -0.09605474770069122, -0.07571747899055481, -0.05538021773099899, -0.03504294902086258, -0.014705682173371315, 0.005631584674119949, 0.025968851521611214, 0.04630611836910248, 0.06664338707923889, 0.0869806557893753, 0.10731791704893112, 0.12765517830848694, 0.14799244701862335, 0.16832971572875977, 0.18866698443889618, 0.2090042531490326, 0.229341521859169, 0.24967879056930542, 0.27001604437828064, 0.29035332798957825, 0.31069058179855347, 0.3310278654098511, 0.3513651192188263, 0.3717023730278015, 0.3920396566390991, 0.41237691044807434, 0.43271419405937195, 0.45305144786834717, 0.4733887314796448, 0.49372598528862, 0.5140632390975952, 0.5344005227088928]}, "parameters/fc1.bias": {"_type": "histogram", "values": [1.0, 1.0, 1.0, 1.0, 0.0, 1.0, 1.0, 0.0, 3.0, 2.0, 1.0, 3.0, 2.0, 3.0, 2.0, 1.0, 1.0, 1.0, 2.0, 4.0, 1.0, 0.0, 1.0, 3.0, 0.0, 2.0, 2.0, 0.0, 2.0, 0.0, 3.0, 3.0, 4.0, 4.0, 5.0, 0.0, 3.0, 0.0, 6.0, 3.0, 2.0, 2.0, 0.0, 2.0, 1.0, 1.0, 0.0, 2.0, 2.0, 1.0, 3.0, 2.0, 0.0, 1.0, 1.0, 1.0, 2.0, 0.0, 0.0, 1.0, 0.0, 0.0, 1.0, 2.0], "bins": [-0.6537814736366272, -0.6343590617179871, -0.6149367094039917, -0.5955142974853516, -0.5760918855667114, -0.5566695332527161, -0.5372471213340759, -0.5178247094154358, -0.49840232729911804, -0.4789799451828003, -0.45955753326416016, -0.4401351511478424, -0.42071276903152466, -0.4012903571128845, -0.3818679749965668, -0.36244556307792664, -0.3430231809616089, -0.32360079884529114, -0.304178386926651, -0.28475600481033325, -0.2653335928916931, -0.24591121077537537, -0.22648882865905762, -0.20706643164157867, -0.18764403462409973, -0.1682216376066208, -0.14879924058914185, -0.1293768584728241, -0.10995446145534515, -0.09053206443786621, -0.07110967487096786, -0.05168728157877922, -0.032264888286590576, -0.012842494994401932, 0.006579898297786713, 0.026002291589975357, 0.045424684882164, 0.06484708189964294, 0.08426947146654129, 0.10369186103343964, 0.12311425805091858, 0.14253665506839752, 0.16195905208587646, 0.1813814342021942, 0.20080383121967316, 0.2202262282371521, 0.23964861035346985, 0.25907102227211, 0.27849340438842773, 0.2979157865047455, 0.3173381984233856, 0.33676058053970337, 0.3561829924583435, 0.37560537457466125, 0.395027756690979, 0.41445016860961914, 0.4338725507259369, 0.45329493284225464, 0.4727173447608948, 0.4921397268772125, 0.5115621089935303, 0.5309845209121704, 0.5504069328308105, 0.5698292851448059, 0.589251697063446]}, "parameters/lm_head.weight": {"_type": "histogram", "values": [1.0, 2.0, 1.0, 1.0, 2.0, 5.0, 3.0, 2.0, 9.0, 9.0, 17.0, 12.0, 18.0, 16.0, 28.0, 22.0, 46.0, 45.0, 68.0, 62.0, 77.0, 89.0, 103.0, 149.0, 192.0, 202.0, 230.0, 269.0, 279.0, 283.0, 254.0, 279.0, 257.0, 227.0, 181.0, 173.0, 162.0, 127.0, 111.0, 84.0, 75.0, 46.0, 35.0, 34.0, 24.0, 17.0, 17.0, 10.0, 7.0, 12.0, 5.0, 6.0, 2.0, 3.0, 0.0, 3.0, 2.0, 1.0, 1.0, 0.0, 1.0, 1.0, 0.0, 1.0], "bins": [-0.5934537053108215, -0.5735691785812378, -0.5536845922470093, -0.5338000655174255, -0.5139155387878418, -0.49403098225593567, -0.47414645552635193, -0.4542618989944458, -0.43437737226486206, -0.41449281573295593, -0.3946082592010498, -0.37472373247146606, -0.35483917593955994, -0.3349546492099762, -0.31507009267807007, -0.29518556594848633, -0.2753010094165802, -0.2554164528846741, -0.23553192615509033, -0.2156473845243454, -0.19576284289360046, -0.17587828636169434, -0.1559937447309494, -0.13610920310020447, -0.11622466146945953, -0.0963401198387146, -0.07645557820796967, -0.056571029126644135, -0.0366864874958992, -0.016801944002509117, 0.003082599490880966, 0.02296714298427105, 0.04285168647766113, 0.06273622810840607, 0.082620769739151, 0.10250531882047653, 0.12238986045122147, 0.142274409532547, 0.16215895116329193, 0.18204349279403687, 0.2019280344247818, 0.22181257605552673, 0.24169711768627167, 0.2615816593170166, 0.28146621584892273, 0.30135074257850647, 0.3212352991104126, 0.34111982583999634, 0.36100438237190247, 0.3808889389038086, 0.40077346563339233, 0.42065802216529846, 0.4405425488948822, 0.46042710542678833, 0.48031163215637207, 0.5001961588859558, 0.5200807452201843, 0.5399652719497681, 0.5598497986793518, 0.5797343850135803, 0.5996189117431641, 0.6195034384727478, 0.6393879652023315, 0.6592725515365601, 0.6791570782661438]}, "parameters/lm_head.bias": {"_type": "histogram", "values": [1.0, 0.0, 2.0, 1.0, 0.0, 1.0, 2.0, 4.0, 0.0, 2.0, 0.0, 2.0, 1.0, 1.0, 0.0, 0.0, 0.0, 1.0, 2.0, 0.0, 1.0, 1.0, 1.0, 0.0, 1.0, 1.0, 0.0, 0.0, 0.0, 0.0, 1.0, 3.0, 0.0, 0.0, 1.0, 1.0, 1.0, 3.0, 0.0, 1.0, 0.0, 0.0, 2.0, 0.0, 0.0, 0.0, 0.0, 1.0, 1.0, 0.0, 1.0, 1.0, 0.0, 0.0, 0.0, 0.0, 0.0, 0.0, 0.0, 0.0, 1.0, 0.0, 0.0, 1.0],