{"final_val_loss": 1.6659678888320923, "_timestamp": 1689281978.694409, "_runtime": 15.56522798538208, "_step": 0, "_wandb": {"runtime": 14}}