{"final_val_loss": 1.8621868729591369, "_timestamp": 1689319995.357984, "_runtime": 19.86430311203003, "_step": 0, "_wandb": {"runtime": 19}}