{"final_val_loss": 2.1077172684669496, "_timestamp": 1690540499.0268605, "_runtime": 17.030782461166382, "_step": 0, "_wandb": {"runtime": 12}}