{"final_val_loss": 1.7109224748611451, "_timestamp": 1689284608.3345256, "_runtime": 21.768163681030273, "_step": 0, "_wandb": {"runtime": 21}}