{"final_val_loss": 1.8426995134353639, "_timestamp": 1690540853.456535, "_runtime": 22.985684156417847, "_step": 0, "_wandb": {"runtime": 22}}