{"final_val_loss": 2.063309097290039, "_timestamp": 1690540427.073143, "_runtime": 11.532644987106323, "_step": 0, "_wandb": {"runtime": 10}}