{"final_val_loss": 1.7680737137794496, "_timestamp": 1689283741.1029766, "_runtime": 17.63441562652588, "_step": 0, "_wandb": {"runtime": 16}}