{"final_val_loss": 1.9211922073364258, "_timestamp": 1690540705.160821, "_runtime": 11.909106969833374, "_step": 0, "_wandb": {"runtime": 11}}