{"final_val_loss": 1.8003109288215637, "_timestamp": 1689283982.1343985, "_runtime": 16.845338344573975, "_step": 0, "_wandb": {"runtime": 16}}