{"final_val_loss": 1.8202276229858398, "_timestamp": 1689280827.3250604, "_runtime": 10.970418453216553, "_step": 0, "_wandb": {"runtime": 9}}