{"final_val_loss": 1.6511675572395326, "_timestamp": 1689281469.0421786, "_runtime": 15.033855676651001, "_step": 0, "_wandb": {"runtime": 14}}