{"final_val_loss": 2.2692513704299926, "_timestamp": 1690541341.0579972, "_runtime": 11.547115325927734, "_step": 0, "_wandb": {"runtime": 10}}