{"final_val_loss": 1.7670432829856872, "_timestamp": 1689318359.2908306, "_runtime": 24.160579681396484, "_step": 0, "_wandb": {"runtime": 23}}