{"final_val_loss": 1.7936456179618836, "_timestamp": 1689280850.4398851, "_runtime": 14.425031185150146, "_step": 0, "_wandb": {"runtime": 12}}