{"final_val_loss": 1.9623656153678894, "_timestamp": 1689318213.8986242, "_runtime": 19.56304621696472, "_step": 0, "_wandb": {"runtime": 18}}