{"loss_train": 1.9762415647506715, "loss_val": 2.0225438117980956, "update_to_data": {"PE": -4.727288246154785, "embed.weight": -5.763472080230713, "layers.0.sa.X_to_query.weight": -5.046133041381836, "layers.0.sa.X_to_key.weight": -4.982618808746338, "layers.0.sa.X_to_value.weight": -4.360234260559082, "layers.0.l1.weight": -3.5604240894317627, "layers.0.l1.bias": -3.2986555099487305, "layers.0.fc1.weight": -4.554447650909424, "layers.0.fc1.bias": -4.411256790161133, "layers.0.fc2.weight": -4.1445136070251465, "layers.0.fc2.bias": -3.7484397888183594, "layers.0.l2.weight": -3.917447090148926, "layers.0.l2.bias": -3.6541502475738525, "layers.1.sa.X_to_query.weight": -4.793731212615967, "layers.1.sa.X_to_key.weight": -4.765838623046875, "layers.1.sa.X_to_value.weight": -4.448669910430908, "layers.1.l1.weight": -3.8773655891418457, "layers.1.l1.bias": -3.380260467529297, "layers.1.fc1.weight": -4.643711566925049, "layers.1.fc1.bias": -4.414357662200928, "layers.1.fc2.weight": -4.206625461578369, "layers.1.fc2.bias": -3.831003189086914, "layers.1.l2.weight": -4.55220365524292, "layers.1.l2.bias": -4.722232341766357, "lm_head.weight": -4.886416435241699, "lm_head.bias": -4.868035316467285}, "_timestamp": 1690644203.3883512, "_runtime": 258.0896532535553, "_step": 19801, "training_throughput": 44609.25612698206, "params_num": 27598, "_wandb": {"runtime": 119}}