{"final_val_loss": 1.9228922295570374, "_timestamp": 1689319634.2073598, "_runtime": 18.080931901931763, "_step": 0, "_wandb": {"runtime": 17}}