{"final_val_loss": 1.9277330613136292, "_timestamp": 1689319660.0971756, "_runtime": 17.4054696559906, "_step": 0, "_wandb": {"runtime": 16}}