{"final_val_loss": 2.013601224422455, "_timestamp": 1689283378.8406932, "_runtime": 24.88182020187378, "_step": 0, "_wandb": {"runtime": 23}}