{"final_val_loss": 1.7929234671592713, "_timestamp": 1689284142.678633, "_runtime": 16.988205909729004, "_step": 0, "_wandb": {"runtime": 16}}