{"final_val_loss": 2.738062038421631, "_timestamp": 1689318094.9981909, "_runtime": 17.97325587272644, "_step": 0, "_wandb": {"runtime": 16}}