{"final_val_loss": 1.7807250380516053, "_timestamp": 1689318509.7063756, "_runtime": 27.128390550613403, "_step": 0, "_wandb": {"runtime": 26}}