{"final_val_loss": 1.799526126384735, "_timestamp": 1689283441.2892675, "_runtime": 16.406898498535156, "_step": 0, "_wandb": {"runtime": 15}}