{"final_val_loss": 1.8289570593833924, "_timestamp": 1689281872.1057427, "_runtime": 14.932843685150146, "_step": 0, "_wandb": {"runtime": 13}}