{"final_val_loss": 2.108349392414093, "_timestamp": 1689318808.9264212, "_runtime": 18.837482213974, "_step": 0, "_wandb": {"runtime": 17}}