{"final_val_loss": 2.05425169467926, "_timestamp": 1689319197.637295, "_runtime": 17.836344957351685, "_step": 0, "_wandb": {"runtime": 17}}