{"final_val_loss": 1.8292774701118468, "_timestamp": 1689283773.3061705, "_runtime": 22.90544056892395, "_step": 0, "_wandb": {"runtime": 22}}