{"final_val_loss": 2.011817102432251, "_timestamp": 1690541056.8926108, "_runtime": 11.295846700668335, "_step": 0, "_wandb": {"runtime": 10}}