{"final_val_loss": 2.4529340982437136, "_timestamp": 1689319294.7810128, "_runtime": 22.82719087600708, "_step": 0, "_wandb": {"runtime": 21}}