{"loss": 1.7960762977600098, "_timestamp": 1688903485.9420466, "_runtime": 6917.253178596497, "_step": 1243, "training_throughput": 1663433.9692727905, "update_to_data": {"embed.weight": -4.321417808532715, "fc1.weight": -3.338261842727661, "fc1.bias": -3.7091007232666016, "lm_head.weight": -3.5365960597991943, "lm_head.bias": -3.5613105297088623}, "a1": {"_type": "histogram", "values": [48593, 10817, 6209, 5220, 4408, 3736, 3291, 2996, 2993, 2809, 2914, 2226, 2252, 2336, 2186, 2172, 2187, 2218, 2318, 2295, 2318, 2261, 2592, 2971, 3246, 3449, 3528, 4167, 4939, 6367, 9679, 45107], "bins": [-1.0, -0.9375, -0.875, -0.8125, -0.75, -0.6875, -0.625, -0.5625, -0.5, -0.4375, -0.375, -0.3125, -0.25, -0.1875, -0.125, -0.0625, 0.0, 0.0625, 0.125, 0.1875, 0.25, 0.3125, 0.375, 0.4375, 0.5, 0.5625, 0.625, 0.6875, 0.75, 0.8125, 0.875, 0.9375, 1.0]}, "embed.weight": {"_type": "histogram", "values": [1, 0, 0, 0, 0, 1, 2, 0, 3, 0, 4, 4, 5, 11, 13, 27, 48, 63, 301, 95, 49, 26, 21, 13, 5, 3, 3, 2, 0, 1, 2, 1], "bins": [-0.012561099603772163, -0.011891594156622887, -0.01122208870947361, -0.010552583262324333, -0.009883077815175056, -0.00921357236802578, -0.008544066920876503, -0.007874561473727226, -0.007205056492239237, -0.00653555104508996, -0.005866045597940683, -0.005196540150791407, -0.004527035169303417, -0.003857529489323497, -0.0031880242750048637, -0.002518518827855587, -0.0018490133807063103, -0.0011795079335570335, -0.0005100026028230786, 0.0001595027861185372, 0.000829008175060153, 0.0014985136222094297, 0.002168018836528063, 0.0028375242836773396, 0.0035070297308266163, 0.004176535177975893, 0.00484604062512517, 0.0055155460722744465, 0.006185051053762436, 0.006854556500911713, 0.007524061948060989, 0.008193567395210266, 0.008863072842359543]}, "fc1.weight": {"_type": "histogram", "values": [2, 0, 2, 2, 2, 8, 8, 17, 27, 51, 68, 117, 173, 232, 376, 493, 605, 653, 575, 471, 330, 198, 148, 83, 69, 35, 19, 17, 9, 4, 4, 2], "bins": [-0.018554460257291794, -0.01748161017894745, -0.016408761963248253, -0.015335912816226482, -0.014263063669204712, -0.013190213590860367, -0.012117364443838596, -0.011044515296816826, -0.009971666149795055, -0.008898817002773285, -0.007825967855751514, -0.006753118243068457, -0.005680269096046686, -0.004607419949024916, -0.0035345705691725016, -0.0024617211893200874, -0.001388872042298317, -0.00031602277886122465, 0.0007568264845758677, 0.00182967574801296, 0.0029025250114500523, 0.003975374158471823, 0.0050482237711548805, 0.006121072918176651, 0.0071939220651984215, 0.008266771212220192, 0.009339620359241962, 0.010412469506263733, 0.011485319584608078, 0.012558168731629848, 0.013631017878651619, 0.01470386702567339, 0.01577671617269516]}, "lm_head.weight": {"_type": "histogram", "values": [3, 2, 5, 7, 13, 9, 22, 40, 57, 87, 128, 165, 326, 625, 1760, 450, 233, 150, 96, 77, 60, 33, 18, 14, 8, 2, 4, 3, 1, 1, 0, 1], "bins": [-0.013958464376628399, -0.012982713989913464, -0.012006963603198528, -0.011031213216483593, -0.010055462829768658, -0.009079712443053722, -0.008103962056338787, -0.007128211669623852, -0.0061524612829089165, -0.005176710430532694, -0.0042009600438177586, -0.003225209889933467, -0.002249459270387888, -0.0012737090000882745, -0.00029795855516567826, 0.000677791889756918, 0.0016535422764718533, 0.0026292926631867886, 0.003605043049901724, 0.004580793436616659, 0.0055565438233315945, 0.00653229421004653, 0.007508044596761465, 0.008483795449137688, 0.009459545835852623, 0.010435296222567558, 0.011411046609282494, 0.012386796995997429, 0.013362547382712364, 0.0143382977694273, 0.015314048156142235, 0.01628979854285717, 0.017265548929572105]}, "_wandb": {"runtime": 101}}