{"final_val_loss": 1.7720984625816345, "_timestamp": 1689284946.168591, "_runtime": 19.372688055038452, "_step": 0, "_wandb": {"runtime": 18}}