{"final_val_loss": 1.747802255153656, "_timestamp": 1689320217.1057966, "_runtime": 27.67056965827942, "_step": 0, "_wandb": {"runtime": 26}}