{"final_val_loss": 1.7850659155845643, "_timestamp": 1689281073.9916134, "_runtime": 10.6185142993927, "_step": 0, "_wandb": {"runtime": 9}}