{"final_val_loss": 3.131813015937805, "_timestamp": 1689319021.19694, "_runtime": 25.9438898563385, "_step": 0, "_wandb": {"runtime": 24}}