{"final_val_loss": 6.182559413909912, "_timestamp": 1689284816.712338, "_runtime": 26.72573208808899, "_step": 0, "_wandb": {"runtime": 25}}