{"final_val_loss": 1.73638108253479, "_timestamp": 1689284534.5381205, "_runtime": 22.572176456451416, "_step": 0, "_wandb": {"runtime": 21}}