{"final_val_loss": 3.005624294281006, "_timestamp": 1689319790.8543973, "_runtime": 26.097299337387085, "_step": 0, "_wandb": {"runtime": 25}}