{"final_val_loss": 2.357631440162659, "_timestamp": 1690540749.6965487, "_runtime": 9.462178707122803, "_step": 0, "_wandb": {"runtime": 8}}