{"final_val_loss": 2.951767334938049, "_timestamp": 1689319254.4510524, "_runtime": 21.494194507598877, "_step": 0, "_wandb": {"runtime": 20}}