{"final_val_loss": 1.6274559712409973, "_timestamp": 1689320033.9037542, "_runtime": 26.257420301437378, "_step": 0, "_wandb": {"runtime": 25}}