{"final_val_loss": 1.7567193913459778, "_timestamp": 1689318705.7258468, "_runtime": 27.197946786880493, "_step": 0, "_wandb": {"runtime": 25}}