{"final_val_loss": 1.877463755607605, "_timestamp": 1690540591.9331403, "_runtime": 24.757806301116943, "_step": 0, "_wandb": {"runtime": 23}}