{"final_val_loss": 2.671653542518616, "_timestamp": 1689319562.6133196, "_runtime": 24.217230558395386, "_step": 0, "_wandb": {"runtime": 23}}