{"loss_train": 1.5207985997200013, "loss_val": 1.6349223446846008, "update_to_data": {"embed.weight": -6.843274116516113, "fc1.weight": -5.544713020324707, "fc1.bias": -5.66072940826416, "lm_head.weight": -5.407268524169922, "lm_head.bias": -4.961038589477539}, "_timestamp": 1689322682.809637, "_runtime": 47.99706411361694, "_step": 19501, "parameters/graph_1embed.weight": {"_type": "histogram", "values": [2.0, 2.0, 0.0, 0.0, 0.0, 3.0, 1.0, 2.0, 1.0, 4.0, 3.0, 5.0, 4.0, 12.0, 10.0, 10.0, 14.0, 13.0, 20.0, 24.0, 16.0, 23.0, 27.0, 35.0, 40.0, 52.0, 32.0, 57.0, 55.0, 52.0, 44.0, 57.0, 62.0, 60.0, 53.0, 50.0, 32.0, 43.0, 61.0, 50.0, 33.0, 42.0, 55.0, 43.0, 29.0, 38.0, 19.0, 23.0, 16.0, 9.0, 14.0, 14.0, 7.0, 8.0, 5.0, 3.0, 4.0, 6.0, 1.0, 3.0, 1.0, 3.0, 0.0, 1.0], "bins": [-3.9343833923339844, -3.8166885375976562, -3.698993682861328, -3.581298589706421, -3.4636037349700928, -3.3459088802337646, -3.2282140254974365, -3.1105191707611084, -2.992824077606201, -2.875129222869873, -2.757434368133545, -2.639739513397217, -2.5220446586608887, -2.4043498039245605, -2.2866547107696533, -2.168959856033325, -2.051265001296997, -1.933570146560669, -1.8158751726150513, -1.6981803178787231, -1.5804853439331055, -1.4627904891967773, -1.3450956344604492, -1.2274006605148315, -1.1097058057785034, -0.9920108914375305, -0.8743159770965576, -0.7566211223602295, -0.6389262080192566, -0.5212312936782837, -0.4035364091396332, -0.28584152460098267, -0.16814661026000977, -0.05045171082019806, 0.06724318861961365, 0.18493808805942535, 0.30263298749923706, 0.42032790184020996, 0.5380227565765381, 0.655717670917511, 0.7734125852584839, 0.8911074995994568, 1.0088024139404297, 1.1264972686767578, 1.244192123413086, 1.3618870973587036, 1.4795819520950317, 1.5972769260406494, 1.7149717807769775, 1.8326666355133057, 1.9503616094589233, 2.068056583404541, 2.185751438140869, 2.3034462928771973, 2.4211411476135254, 2.5388360023498535, 2.6565308570861816, 2.774225950241089, 2.891920804977417, 3.009615659713745, 3.1273105144500732, 3.2450053691864014, 3.3627004623413086, 3.4803953170776367, 3.598090171813965]}, "parameters/graph_1fc1.weight": {"_type": "histogram", "values": [2.0, 0.0, 0.0, 1.0, 3.0, 9.0, 10.0, 20.0, 23.0, 34.0, 43.0, 64.0, 82.0, 121.0, 149.0, 237.0, 265.0, 422.0, 537.0, 752.0, 947.0, 1299.0, 1650.0, 2196.0, 2831.0, 3742.0, 4579.0, 5825.0, 6982.0, 7972.0, 8868.0, 9525.0, 9511.0, 9425.0, 8904.0, 8091.0, 7045.0, 5955.0, 4651.0, 3726.0, 2849.0, 2107.0, 1616.0, 1255.0, 930.0, 707.0, 565.0, 403.0, 318.0, 199.0, 165.0, 110.0, 91.0, 71.0, 39.0, 23.0, 17.0, 13.0, 9.0, 9.0, 4.0, 1.0, 0.0, 1.0], "bins": [-0.40404096245765686, -0.39161255955696106, -0.37918412685394287, -0.36675572395324707, -0.35432732105255127, -0.3418988883495331, -0.3294704854488373, -0.3170420825481415, -0.3046136498451233, -0.2921852469444275, -0.2797568440437317, -0.2673284113407135, -0.2549000084400177, -0.2424715906381607, -0.2300431728363037, -0.2176147699356079, -0.20518635213375092, -0.19275793433189392, -0.18032953143119812, -0.16790111362934113, -0.15547269582748413, -0.14304429292678833, -0.13061587512493134, -0.11818745732307434, -0.10575904697179794, -0.09333063662052155, -0.08090221881866455, -0.06847380846738815, -0.05604539439082146, -0.04361698031425476, -0.031188568100333214, -0.018760155886411667, -0.006331741809844971, 0.006096671335399151, 0.018525084480643272, 0.03095349669456482, 0.043381910771131516, 0.05581032484769821, 0.06823873519897461, 0.0806671530008316, 0.093095563352108, 0.1055239737033844, 0.1179523915052414, 0.1303808093070984, 0.1428092122077942, 0.15523763000965118, 0.16766604781150818, 0.18009445071220398, 0.19252286851406097, 0.20495128631591797, 0.21737968921661377, 0.22980810701847076, 0.24223652482032776, 0.25466492772102356, 0.26709336042404175, 0.27952176332473755, 0.29195016622543335, 0.30437859892845154, 0.31680700182914734, 0.32923540472984314, 0.34166383743286133, 0.35409224033355713, 0.36652064323425293, 0.3789490759372711, 0.3913774788379669]}, "parameters/graph_1fc1.bias": {"_type": "histogram", "values": [1.0, 0.0, 0.0, 0.0, 0.0, 0.0, 0.0, 0.0, 3.0, 4.0, 1.0, 8.0, 8.0, 6.0, 13.0, 13.0, 6.0, 10.0, 7.0, 9.0, 8.0, 15.0, 6.0, 9.0, 10.0, 17.0, 14.0, 14.0, 16.0, 13.0, 13.0, 16.0, 21.0, 16.0, 14.0, 10.0, 13.0, 17.0, 14.0, 9.0, 15.0, 13.0, 10.0, 8.0, 13.0, 5.0, 9.0, 7.0, 19.0, 6.0, 8.0, 8.0, 6.0, 6.0, 3.0, 4.0, 2.0, 1.0, 0.0, 0.0, 0.0, 1.0, 0.0, 2.0], "bins": [-0.21884100139141083, -0.2121056765317917, -0.20537035167217255, -0.1986350268125534, -0.19189970195293427, -0.18516437709331512, -0.17842905223369598, -0.17169372737407684, -0.1649584025144577, -0.15822307765483856, -0.15148775279521942, -0.14475242793560028, -0.13801710307598114, -0.131281778216362, -0.12454644590616226, -0.11781112104654312, -0.11107579618692398, -0.10434047132730484, -0.0976051464676857, -0.09086982160806656, -0.08413449674844742, -0.07739917188882828, -0.07066384702920914, -0.06392852216959, -0.05719319358468056, -0.05045786872506142, -0.043722543865442276, -0.036987219005823135, -0.030251892283558846, -0.023516567423939705, -0.016781240701675415, -0.010045915842056274, -0.003310590982437134, 0.003424734342843294, 0.010160059668123722, 0.016895385459065437, 0.023630710318684578, 0.03036603517830372, 0.03710136190056801, 0.04383668676018715, 0.05057201161980629, 0.05730733647942543, 0.06404266506433487, 0.07077798992395401, 0.07751331478357315, 0.08424863964319229, 0.09098396450281143, 0.09771928936243057, 0.10445461422204971, 0.11118993908166885, 0.117925263941288, 0.12466058880090714, 0.13139592111110687, 0.138131245970726, 0.14486657083034515, 0.1516018956899643, 0.15833722054958344, 0.16507254540920258, 0.17180787026882172, 0.17854319512844086, 0.18527851998806, 0.19201384484767914, 0.19874916970729828, 0.20548449456691742, 0.21221981942653656]}, "parameters/graph_1lm_head.weight": {"_type": "histogram", "values": [2.0, 1.0, 1.0, 4.0, 4.0, 12.0, 10.0, 9.0, 14.0, 17.0, 24.0, 35.0, 71.0, 87.0, 113.0, 143.0, 163.0, 206.0, 237.0, 323.0, 361.0, 432.0, 514.0, 594.0, 677.0, 773.0, 869.0, 881.0, 942.0, 1041.0, 1016.0, 1060.0, 1115.0, 1122.0, 1057.0, 965.0, 959.0, 915.0, 821.0, 699.0, 630.0, 564.0, 503.0, 362.0, 318.0, 272.0, 222.0, 184.0, 138.0, 136.0, 104.0, 74.0, 58.0, 41.0, 27.0, 26.0, 18.0, 10.0, 10.0, 8.0, 2.0, 1.0, 0.0, 3.0], "bins": [-0.38035228848457336, -0.36857688426971436, -0.35680148005485535, -0.34502607583999634, -0.33325067162513733, -0.3214752674102783, -0.3096998929977417, -0.2979244887828827, -0.2861490845680237, -0.2743736803531647, -0.26259827613830566, -0.25082287192344666, -0.23904746770858765, -0.22727206349372864, -0.21549667418003082, -0.20372126996517181, -0.1919458657503128, -0.1801704615354538, -0.1683950573205948, -0.15661966800689697, -0.14484426379203796, -0.13306885957717896, -0.12129345536231995, -0.10951805859804153, -0.09774265438318253, -0.08596725016832352, -0.0741918534040451, -0.062416449189186096, -0.050641048699617386, -0.038865648210048676, -0.027090245857834816, -0.015314844436943531, -0.003539443016052246, 0.008235958404839039, 0.020011359825730324, 0.03178676217794418, 0.043562162667512894, 0.055337563157081604, 0.06711296737194061, 0.07888836413621902, 0.09066376835107803, 0.10243917256593704, 0.11421456933021545, 0.12598997354507446, 0.13776537775993347, 0.14954078197479248, 0.1613161712884903, 0.1730915755033493, 0.1848669797182083, 0.19664238393306732, 0.20841778814792633, 0.22019317746162415, 0.23196858167648315, 0.24374398589134216, 0.25551939010620117, 0.2672947943210602, 0.2790701985359192, 0.2908456027507782, 0.3026210069656372, 0.31439638137817383, 0.32617178559303284, 0.33794718980789185, 0.34972259402275085, 0.36149799823760986, 0.37327340245246887]}, "parameters/graph_1lm_head.bias": {"_type": "histogram",