{"final_val_loss": 1.8144213724136353, "_timestamp": 1689285528.3737504, "_runtime": 22.802385330200195, "_step": 0, "_wandb": {"runtime": 21}}