{"final_val_loss": 1.8190180921554566, "_timestamp": 1689280943.8032126, "_runtime": 10.229300737380981, "_step": 0, "_wandb": {"runtime": 9}}