{"final_val_loss": 1.8971043562889098, "_timestamp": 1689281021.5586622, "_runtime": 13.585061073303223, "_step": 0, "_wandb": {"runtime": 11}}