{"final_val_loss": 1.8072178196907043, "_timestamp": 1690541319.5250046, "_runtime": 42.06879258155823, "_step": 0, "_wandb": {"runtime": 41}}