{"loss_train": 3.0249190664291383, "loss_val": 3.0260657930374144, "lr": 0.08289329936521553, "_timestamp": 1690646622.6793046, "_runtime": 95.81202054023743, "_step": 1601, "training_throughput": 158765.0655702126, "params_num": 145838, "_wandb": {"runtime": 18}}