{"final_val_loss": 1.8606207489967346, "_timestamp": 1689281498.1469612, "_runtime": 11.319506168365479, "_step": 0, "_wandb": {"runtime": 10}}