{"final_val_loss": 1.6376031994819642, "_timestamp": 1689280526.207214, "_runtime": 14.264527082443237, "_step": 0, "_wandb": {"runtime": 13}}