{"final_val_loss": 1.9729794692993163, "_timestamp": 1689281664.0785847, "_runtime": 10.850144624710083, "_step": 0, "_wandb": {"runtime": 10}}