{"final_val_loss": 2.1159055709838865, "_timestamp": 1689318153.539648, "_runtime": 23.3627450466156, "_step": 0, "_wandb": {"runtime": 22}}