{"final_val_loss": 1.8111259078979491, "_timestamp": 1690540645.127993, "_runtime": 36.1727340221405, "_step": 0, "_wandb": {"runtime": 35}}