{"final_val_loss": 1.7703494691848756, "_timestamp": 1690540995.7729237, "_runtime": 19.80303978919983, "_step": 0, "_wandb": {"runtime": 18}}