{"final_val_loss": 5.0492402458190915, "_timestamp": 1689284010.8635364, "_runtime": 19.510502338409424, "_step": 0, "_wandb": {"runtime": 18}}