{"final_val_loss": 1.7059808683395385, "_timestamp": 1689319755.5108452, "_runtime": 28.395968198776245, "_step": 0, "_wandb": {"runtime": 27}}