{"final_val_loss": 2.1078938150405886, "_timestamp": 1689285040.0639112, "_runtime": 24.89017128944397, "_step": 0, "_wandb": {"runtime": 23}}