{"final_val_loss": 1.938099513053894, "_timestamp": 1689280279.3633134, "_runtime": 11.245328426361084, "_step": 0, "_wandb": {"runtime": 9}}