{"final_val_loss": 1.792832508087158, "_timestamp": 1689280501.725622, "_runtime": 10.675659894943237, "_step": 0, "_wandb": {"runtime": 9}}