{"final_val_loss": 2.056908221244812, "_timestamp": 1689318847.207968, "_runtime": 24.85737895965576, "_step": 0, "_wandb": {"runtime": 23}}