{"final_val_loss": 3.6953152561187745, "_timestamp": 1689283040.098442, "_runtime": 25.967698097229004, "_step": 0, "_wandb": {"runtime": 25}}