{"final_val_loss": 1.8268404507637024, "_timestamp": 1689283681.644707, "_runtime": 21.869804859161377, "_step": 0, "_wandb": {"runtime": 20}}