{"final_val_loss": 1.7912146759033203, "_timestamp": 1689281764.7404842, "_runtime": 11.40109133720398, "_step": 0, "_wandb": {"runtime": 10}}