{"final_val_loss": 1.9927000308036804, "_timestamp": 1690541430.1424668, "_runtime": 22.49554967880249, "_step": 0, "_wandb": {"runtime": 19}}