{"final_val_loss": 2.5387998533248903, "_timestamp": 1689283140.0690243, "_runtime": 24.355692386627197, "_step": 0, "_wandb": {"runtime": 23}}