{"final_val_loss": 1.9526639223098754, "_timestamp": 1689280461.159416, "_runtime": 11.253721952438354, "_step": 0, "_wandb": {"runtime": 10}}