{"final_val_loss": 1.793433847427368, "_timestamp": 1689281247.771079, "_runtime": 11.331913948059082, "_step": 0, "_wandb": {"runtime": 9}}