{"final_val_loss": 1.8653528356552125, "_timestamp": 1689282027.180787, "_runtime": 11.45048213005066, "_step": 0, "_wandb": {"runtime": 10}}