{"final_val_loss": 1.7768794679641724, "_timestamp": 1689319898.909213, "_runtime": 22.596907138824463, "_step": 0, "_wandb": {"runtime": 21}}