{"final_val_loss": 2.0788316679000856, "_timestamp": 1689283477.507178, "_runtime": 24.685582160949707, "_step": 0, "_wandb": {"runtime": 23}}